عنوان_H1,قاره_یا_منطقه,کشور_مقصد,جهت_در_منطقه,شهر_یا_جزیره_مقصد,شهر_یا_استان_مبدا,نوع_تور,فصل_برگزاری,ماه_تقویمی_برگزاری,تعطیلات_خاص_تقویمی,رویداد_یا_مناسبت_خاص,تم_یا_هدف_سفر,نوع_وسیله_نقلیه,نام_دقیق_هتل,تعداد_ستاره_هتل,برچسب_کلاسی_تور,پرسونای_مخاطب,وضعیت_ویزا,نوع_سفر
تور کوش آداسی تیر 1405,اوراسیا,ترکیه,مدیترانه,کوش آداسی,null,تک مقصد,تابستان,تیر,null,null,null,هوایی,null,null,null,null,بدون ویزا,تفریحی، استراحت و ریلکسیشن
تور ترابزون تابستان 1405,اوراسیا,ترکیه,قفقاز و آناتولی,ترابزون,null,تک مقصد,تابستان,null,null,null,null,زمینی، هوایی,null,null,null,null,بدون ویزا,تفریحی، طبیعت‌گردی
تور مارماریس تابستان 1405,اوراسیا,ترکیه,مدیترانه,مارماریس,null,تک مقصد,تابستان,null,null,null,null,هوایی,null,null,null,null,بدون ویزا,تفریحی، استراحت و ریلکسیشن
تور بدروم تابستان 1405,اوراسیا,ترکیه,مدیترانه,بدروم,null,تک مقصد,تابستان,null,null,null,null,هوایی,null,null,null,null,بدون ویزا,تفریحی، استراحت و ریلکسیشن
تور استانبول هتل آوانتگارد,اوراسیا,ترکیه,قفقاز و آناتولی,استانبول,null,تک مقصد,null,null,null,null,null,هوایی، زمینی,هتل آوانتگارد,null,null,null,بدون ویزا,تفریحی، خرید، تاریخی-فرهنگی
تور هلند,اروپا,هلند,اروپای غربی,null,null,تک مقصد,null,null,null,null,null,هوایی,null,null,null,null,نیازمند ویزا,تفریحی، تاریخی-فرهنگی
تور آمستردام,اروپا,هلند,اروپای غربی,آمستردام,null,تک مقصد,null,null,null,null,null,هوایی,null,null,null,null,نیازمند ویزا,تفریحی، تاریخی-فرهنگی
تور وان هتل هالدی,اوراسیا,ترکیه,قفقاز و آناتولی,وان,null,تک مقصد,null,null,null,null,null,زمینی، هوایی,هتل هالدی,null,null,null,بدون ویزا,خرید، تفریحی
تور ترابزون تیر 1405,اوراسیا,ترکیه,قفقاز و آناتولی,ترابزون,null,تک مقصد,تابستان,تیر,null,null,null,زمینی، هوایی,null,null,null,null,بدون ویزا,تفریحی، طبیعت‌گردی
تور چابهار بهار 1405,آسیا,ایران,جنوب کشور,چابهار,null,تک مقصد,بهار,null,null,null,null,هوایی,null,null,null,null,بدون ویزا,طبیعت‌گردی، تفریحی
تور چابهار عید فطر 1405,آسیا,ایران,جنوب کشور,چابهار,null,تک مقصد,null,null,عید فطر,null,null,هوایی,null,null,null,null,بدون ویزا,طبیعت‌گردی، تفریحی
تور چابهار خرداد 1405,آسیا,ایران,جنوب کشور,چابهار,null,تک مقصد,بهار,خرداد,null,null,null,هوایی,null,null,null,null,بدون ویزا,طبیعت‌گردی، تفریحی
تور چابهار اردیبهشت 1405,آسیا,ایران,جنوب کشور,چابهار,null,تک مقصد,بهار,اردیبهشت,null,null,null,هوایی,null,null,null,null,بدون ویزا,طبیعت‌گردی، تفریحی
تور چابهار تیر 1405,آسیا,ایران,جنوب کشور,چابهار,null,تک مقصد,تابستان,تیر,null,null,null,هوایی,null,null,null,null,بدون ویزا,طبیعت‌گردی، تفریحی
تور تبریز نوروز 1405,آسیا,ایران,شمال کشور,تبریز,null,تک مقصد,بهار,null,نوروز,null,null,هوایی، زمینی، ریلی,null,null,null,null,بدون ویزا,تاریخی-فرهنگی، تفریحی
تور شیراز نوروز 1405,آسیا,ایران,جنوب کشور,شیراز,null,تک مقصد,بهار,null,نوروز,null,null,هوایی، زمینی، ریلی,null,null,null,null,بدون ویزا,تاریخی-فرهنگی، تفریحی
تور شیراز تابستان 1405,آسیا,ایران,جنوب کشور,شیراز,null,تک مقصد,تابستان,null,null,null,null,هوایی، زمینی، ریلی,null,null,null,null,بدون ویزا,تاریخی-فرهنگی، تفریحی
تور شیراز خرداد 1405,آسیا,ایران,جنوب کشور,شیراز,null,تک مقصد,بهار,خرداد,null,null,null,هوایی، زمینی، ریلی,null,null,null,null,بدون ویزا,تاریخی-فرهنگی، تفریحی
تور شیراز تعطیلات خرداد 1405,آسیا,ایران,جنوب کشور,شیراز,null,تک مقصد,بهار,خرداد,تعطیلات خرداد,null,null,هوایی، زمینی، ریلی,null,null,null,null,بدون ویزا,تاریخی-فرهنگی، تفریحی
تور شیراز هتل ساسان,آسیا,ایران,جنوب کشور,شیراز,null,تک مقصد,null,null,null,null,null,هوایی، زمینی، ریلی,هتل ساسان,null,null,null,بدون ویزا,تاریخی-فرهنگی، تفریحی
تور شیراز اردیبهشت 1405,آسیا,ایران,جنوب کشور,شیراز,null,تک مقصد,بهار,اردیبهشت,null,null,null,هوایی، زمینی، ریلی,null,null,null,null,بدون ویزا,تاریخی-فرهنگی، تفریحی
تور قشم خرداد 1405,آسیا,ایران,جنوب کشور,قشم,null,تک مقصد,بهار,خرداد,null,null,null,هوایی، زمینی، ریلی,null,null,null,null,بدون ویزا,طبیعت‌گردی، خرید، تفریحی
تور قشم نوروز 1405,آسیا,ایران,جنوب کشور,قشم,null,تک مقصد,بهار,null,نوروز,null,null,هوایی، زمینی، ریلی,null,null,null,null,بدون ویزا,طبیعت‌گردی، خرید، تفریحی
تور قشم بهار 1405,آسیا,ایران,جنوب کشور,قشم,null,تک مقصد,بهار,null,null,null,null,هوایی، زمینی، ریلی,null,null,null,null,بدون ویزا,طبیعت‌گردی، خرید، تفریحی
تور جام جهانی کیش,آسیا,ایران,جنوب کشور,کیش,null,تک مقصد,null,null,null,جام جهانی,null,هوایی، زمینی، ریلی,null,null,null,null,بدون ویزا,رویداد ورزشی، تفریحی
تور کیش شهریور 1405,آسیا,ایران,جنوب کشور,کیش,null,تک مقصد,تابستان,شهریور,null,null,null,هوایی,null,null,null,null,بدون ویزا,تفریحی، استراحت و ریلکسیشن، خرید
تور کیش از رشت,آسیا,ایران,جنوب کشور,کیش,رشت,تک مقصد,null,null,null,null,null,هوایی,null,null,null,null,بدون ویزا,تفریحی، استراحت و ریلکسیشن، خرید
تور قشم هتل بوتیک ایرمان,آسیا,ایران,جنوب کشور,قشم,null,تک مقصد,null,null,null,null,null,هوایی، زمینی، ریلی,هتل بوتیک ایرمان,null,null,null,بدون ویزا,طبیعت‌گردی، خرید، تفریحی
تور قشم هتل آوینا,آسیا,ایران,جنوب کشور,قشم,null,تک مقصد,null,null,null,null,null,هوایی، زمینی، ریلی,هتل آوینا,null,null,null,بدون ویزا,طبیعت‌گردی، خرید، تفریحی
تور کیش تابستان 1405,آسیا,ایران,جنوب کشور,کیش,null,تک مقصد,تابستان,null,null,null,null,هوایی,null,null,null,null,بدون ویزا,تفریحی، استراحت و ریلکسیشن، خرید
تور کیش پاییز 1405,آسیا,ایران,جنوب کشور,کیش,null,تک مقصد,پاییز,null,null,null,null,هوایی,null,null,null,null,بدون ویزا,تفریحی، استراحت و ریلکسیشن، خرید
تور قشم تابستان 1405,آسیا,ایران,جنوب کشور,قشم,null,تک مقصد,تابستان,null,null,null,null,هوایی، زمینی، ریلی,null,null,null,null,بدون ویزا,طبیعت‌گردی، خرید، تفریحی
تور کیش آذر 1405,آسیا,ایران,جنوب کشور,کیش,null,تک مقصد,پاییز,آذر,null,null,null,هوایی,null,null,null,null,بدون ویزا,تفریحی، استراحت و ریلکسیشن، خرید
تور کیش از کرمانشاه,آسیا,ایران,جنوب کشور,کیش,کرمانشاه,تک مقصد,null,null,null,null,null,هوایی,null,null,null,null,بدون ویزا,تفریحی، استراحت و ریلکسیشن، خرید
تور کیش با پرواز ماهان,آسیا,ایران,جنوب کشور,کیش,null,تک مقصد,null,null,null,null,null,هوایی,null,null,null,null,بدون ویزا,تفریحی، استراحت و ریلکسیشن، خرید
تور کیش ماه عسل,آسیا,ایران,جنوب کشور,کیش,null,تک مقصد,null,null,null,null,ماه عسل,هوایی,null,null,null,null,بدون ویزا,ماه عسل، استراحت و ریلکسیشن
تور کیش هتل شایگان,آسیا,ایران,جنوب کشور,کیش,null,تک مقصد,null,null,null,null,null,هوایی,هتل شایگان,null,null,null,بدون ویزا,تفریحی، استراحت و ریلکسیشن، خرید
تور کیش هتل ترنج,آسیا,ایران,جنوب کشور,کیش,null,تک مقصد,null,null,null,null,null,هوایی,هتل ترنج,null,null,null,بدون ویزا,تفریحی، استراحت و ریلکسیشن، خرید
تور کیش هتل پارمیس,آسیا,ایران,جنوب کشور,کیش,null,تک مقصد,null,null,null,null,null,هوایی,هتل پارمیس,null,null,null,بدون ویزا,تفریحی، استراحت و ریلکسیشن، خرید
تور کیش هتل کوروش,آسیا,ایران,جنوب کشور,کیش,null,تک مقصد,null,null,null,null,null,هوایی,هتل کوروش,null,null,null,بدون ویزا,تفریحی، استراحت و ریلکسیشن، خرید
تور کیش هتل داریوش,آسیا,ایران,جنوب کشور,کیش,null,تک مقصد,null,null,null,null,null,هوایی,هتل داریوش,null,null,null,بدون ویزا,تفریحی، استراحت و ریلکسیشن، خرید
تور کیش هتل شایان,آسیا,ایران,جنوب کشور,کیش,null,تک مقصد,null,null,null,null,null,هوایی,هتل شایان,null,null,null,بدون ویزا,تفریحی، استراحت و ریلکسیشن، خرید
تور کیش هتل پانوراما,آسیا,ایران,جنوب کشور,کیش,null,تک مقصد,null,null,null,null,null,هوایی,هتل پانوراما,null,null,null,بدون ویزا,تفریحی، استراحت و ریلکسیشن، خرید
تور کودک و نوجوان,null,null,null,null,null,تک مقصد,null,null,null,null,null,null,null,null,null,کودک و نوجوان,null,تفریحی
تور کیش هتل لیلیوم,آسیا,ایران,جنوب کشور,کیش,null,تک مقصد,null,null,null,null,null,هوایی,هتل لیلیوم,null,null,null,بدون ویزا,تفریحی، استراحت و ریلکسیشن، خرید
تور کیش هتل گامبرون,آسیا,ایران,جنوب کشور,کیش,null,تک مقصد,null,null,null,null,null,هوایی,هتل گامبرون,null,null,null,بدون ویزا,تفریحی، استراحت و ریلکسیشن، خرید
تور کیش هتل مارینا پارک,آسیا,ایران,جنوب کشور,کیش,null,تک مقصد,null,null,null,null,null,هوایی,هتل مارینا پارک,null,null,null,بدون ویزا,تفریحی، استراحت و ریلکسیشن، خرید
تور کیش هتل میراژ,آسیا,ایران,جنوب کشور,کیش,null,تک مقصد,null,null,null,null,null,هوایی,هتل میراژ,null,null,null,بدون ویزا,تفریحی، استراحت و ریلکسیشن، خرید
تور مشهد مهر 1405,آسیا,ایران,شرق کشور,مشهد,null,تک مقصد,پاییز,مهر,null,null,null,هوایی، زمینی، ریلی,null,null,null,null,بدون ویزا,زیارتی، تفریحی
تور مشهد هتل بشری,آسیا,ایران,شرق کشور,مشهد,null,تک مقصد,null,null,null,null,null,هوایی، زمینی، ریلی,هتل بشری,null,null,null,بدون ویزا,زیارتی، تفریحی
تور مشهد اردیبهشت 1405,آسیا,ایران,شرق کشور,مشهد,null,تک مقصد,بهار,اردیبهشت,null,null,null,هوایی، زمینی، ریلی,null,null,null,null,بدون ویزا,زیارتی، تفریحی
تور کیش هتل ویدا,آسیا,ایران,جنوب کشور,کیش,null,تک مقصد,null,null,null,null,null,هوایی,هتل ویدا,null,null,null,بدون ویزا,تفریحی، استراحت و ریلکسیشن، خرید
تور مشهد هتل الماس 2,آسیا,ایران,شرق کشور,مشهد,null,تک مقصد,null,null,null,null,null,هوایی، زمینی، ریلی,هتل الماس 2,null,null,null,بدون ویزا,زیارتی، تفریحی
تور مشهد هتل نسیم,آسیا,ایران,شرق کشور,مشهد,null,تک مقصد,null,null,null,null,null,هوایی، زمینی، ریلی,هتل نسیم,null,null,null,بدون ویزا,زیارتی، تفریحی
تور مشهد هتل سهند 1,آسیا,ایران,شرق کشور,مشهد,null,تک مقصد,null,null,null,null,null,هوایی، زمینی، ریلی,هتل سهند 1,null,null,null,بدون ویزا,زیارتی، تفریحی
تور مشهد هتل دیپلمات,آسیا,ایران,شرق کشور,مشهد,null,تک مقصد,null,null,null,null,null,هوایی، زمینی، ریلی,هتل دیپلمات,null,null,null,بدون ویزا,زیارتی، تفریحی
تور مشهد هتل جواد,آسیا,ایران,شرق کشور,مشهد,null,تک مقصد,null,null,null,null,null,هوایی، زمینی، ریلی,هتل جواد,null,null,null,بدون ویزا,زیارتی، تفریحی
تور مشهد هتل بین المللی قصر,آسیا,ایران,شرق کشور,مشهد,null,تک مقصد,null,null,null,null,null,هوایی، زمینی، ریلی,هتل بین المللی قصر,null,null,null,بدون ویزا,زیارتی، تفریحی
تور مشهد هتل کارن,آسیا,ایران,شرق کشور,مشهد,null,تک مقصد,null,null,null,null,null,هوایی، زمینی، ریلی,هتل کارن,null,null,null,بدون ویزا,زیارتی، تفریحی
تور اندونزی مهر 1405,آسیا,اندونزی,جنوب شرق آسیا,null,null,تک مقصد,پاییز,مهر,null,null,null,هوایی,null,null,null,null,نیازمند ویزا,استراحت و ریلکسیشن، تفریحی
تور ارمنستان خرداد 1405,اوراسیا,ارمنستان,قفقاز و آناتولی,null,null,تک مقصد,بهار,خرداد,null,null,null,هوایی، زمینی,null,null,null,null,بدون ویزا,تاریخی-فرهنگی، تفریحی
تور اندونزی نوروز 1405,آسیا,اندونزی,جنوب شرق آسیا,null,null,تک مقصد,بهار,null,نوروز,null,null,هوایی,null,null,null,null,نیازمند ویزا,استراحت و ریلکسیشن، طبیعت‌گردی
تور دبی پاییز 1405,آسیا,امارات,خاورمیانه,دبی,null,تک مقصد,پاییز,null,null,null,null,هوایی,null,null,null,null,نیازمند ویزا,تفریحی، خرید
تور اندونزی پاییز 1405,آسیا,اندونزی,جنوب شرق آسیا,null,null,تک مقصد,پاییز,null,null,null,null,هوایی,null,null,null,null,نیازمند ویزا,استراحت و ریلکسیشن، تفریحی
تور ارمنستان مهر 1405,اوراسیا,ارمنستان,قفقاز و آناتولی,null,null,تک مقصد,پاییز,مهر,null,null,null,هوایی، زمینی,null,null,null,null,بدون ویزا,تاریخی-فرهنگی، تفریحی
تور بالی پاییز 1405,آسیا,اندونزی,جنوب شرق آسیا,بالی,null,تک مقصد,پاییز,null,null,null,null,هوایی,null,null,null,null,نیازمند ویزا,استراحت و ریلکسیشن، تفریحی
تور بانکوک نوروز 1405,آسیا,تایلند,جنوب شرق آسیا,بانکوک,null,تک مقصد,بهار,null,نوروز,null,null,هوایی,null,null,null,null,نیازمند ویزا,تفریحی، خرید
تور جام جهانی قطر ۲۰۲۲,آسیا,قطر,خاورمیانه,null,null,تک مقصد,null,null,null,جام جهانی,null,هوایی,null,null,null,null,نیازمند ویزا,رویداد ورزشی، تفریحی
تور سنگاپور نوروز 1405,آسیا,سنگاپور,جنوب شرق آسیا,سنگاپور,null,تک مقصد,بهار,null,نوروز,null,null,هوایی,null,null,null,null,نیازمند ویزا,تفریحی، خرید
تور بالی مهر 1405,آسیا,اندونزی,جنوب شرق آسیا,بالی,null,تک مقصد,پاییز,مهر,null,null,null,هوایی,null,null,null,null,نیازمند ویزا,استراحت و ریلکسیشن، تفریحی
تور بالی آذر 1405,آسیا,اندونزی,جنوب شرق آسیا,بالی,null,تک مقصد,پاییز,آذر,null,null,null,هوایی,null,null,null,null,نیازمند ویزا,استراحت و ریلکسیشن، تفریحی
تور سن پترزبورگ نوروز 1405,اروپا,روسیه,اروپای مرکزی و شرقی,سن پترزبورگ,null,تک مقصد,بهار,null,نوروز,null,null,هوایی,null,null,null,null,نیازمند ویزا,تاریخی-فرهنگی، تفریحی
تور بالی بهار 1405,آسیا,اندونزی,جنوب شرق آسیا,بالی,null,تک مقصد,بهار,null,null,null,null,هوایی,null,null,null,null,نیازمند ویزا,استراحت و ریلکسیشن، تفریحی
تور پاتایا نوروز 1405,آسیا,تایلند,جنوب شرق آسیا,پاتایا,null,تک مقصد,بهار,null,نوروز,null,null,هوایی,null,null,null,null,نیازمند ویزا,تفریحی، استراحت و ریلکسیشن
تور جام ملت‌های آسیا,آسیا,null,null,null,null,تک مقصد,null,null,null,جام ملت‌های آسیا,null,هوایی,null,null,null,null,null,رویداد ورزشی
تور چین نوروز 1405,آسیا,چین,شرق آسیا,null,null,تک مقصد,بهار,null,نوروز,null,null,هوایی,null,null,null,null,نیازمند ویزا,تاریخی-فرهنگی، تفریحی، تجاری
تور سنگاپور پاییز 1405,آسیا,سنگاپور,جنوب شرق آسیا,سنگاپور,null,تک مقصد,پاییز,null,null,null,null,هوایی,null,null,null,null,نیازمند ویزا,تفریحی، خرید
تور چابهار پاییز 1405,آسیا,ایران,جنوب کشور,چابهار,null,تک مقصد,پاییز,null,null,null,null,هوایی,null,null,null,null,بدون ویزا,طبیعت‌گردی، تفریحی
تورهای لوکس و لاکچری کیش,آسیا,ایران,جنوب کشور,کیش,null,تک مقصد,null,null,null,null,null,هوایی,null,null,لوکس و لاکچری,null,بدون ویزا,استراحت و ریلکسیشن، تفریحی
تور استانبول هتل رادیسون بلو,اوراسیا,ترکیه,قفقاز و آناتولی,استانبول,null,تک مقصد,null,null,null,null,null,هوایی، زمینی,هتل رادیسون بلو,null,null,null,بدون ویزا,تفریحی، خرید، تاریخی-فرهنگی
تور وان پاییز 1405,اوراسیا,ترکیه,قفقاز و آناتولی,وان,null,تک مقصد,پاییز,null,null,null,null,زمینی، هوایی,null,null,null,null,بدون ویزا,خرید، تفریحی
تور چابهار آذر 1405,آسیا,ایران,جنوب کشور,چابهار,null,تک مقصد,پاییز,آذر,null,null,null,هوایی,null,null,null,null,بدون ویزا,طبیعت‌گردی، تفریحی
تور ترابزون نوروز 1405,اوراسیا,ترکیه,قفقاز و آناتولی,ترابزون,null,تک مقصد,بهار,null,نوروز,null,null,زمینی، هوایی,null,null,null,null,بدون ویزا,طبیعت‌گردی، تفریحی
تور استانبول تابستان 1405,اوراسیا,ترکیه,قفقاز و آناتولی,استانبول,null,تک مقصد,تابستان,null,null,null,null,هوایی، زمینی,null,null,null,null,بدون ویزا,تفریحی، خرید
تور چابهار آبان 1405,آسیا,ایران,جنوب کشور,چابهار,null,تک مقصد,پاییز,آبان,null,null,null,هوایی,null,null,null,null,بدون ویزا,طبیعت‌گردی، تفریحی
تور استانبول زمستان 1405,اوراسیا,ترکیه,قفقاز و آناتولی,استانبول,null,تک مقصد,زمستان,null,null,null,null,هوایی، زمینی,null,null,null,null,بدون ویزا,تفریحی، خرید
تور قبرس شمالی نوروز 1405,اروپا,قبرس شمالی,مدیترانه,null,null,تک مقصد,بهار,null,نوروز,null,null,هوایی,null,null,null,null,بدون ویزا,استراحت و ریلکسیشن، تفریحی
تور استانبول 5 شب و 6 روز,اوراسیا,ترکیه,قفقاز و آناتولی,استانبول,null,تک مقصد,null,null,null,null,null,هوایی، زمینی,null,null,null,null,بدون ویزا,تفریحی، خرید
تور روسیه خرداد 1405,اوراسیا,روسیه,اروپای مرکزی و شرقی,null,null,تک مقصد,بهار,خرداد,null,null,null,هوایی,null,null,null,null,نیازمند ویزا,تاریخی-فرهنگی، تفریحی
تور تایلند اردیبهشت 1405,آسیا,تایلند,جنوب شرق آسیا,null,null,تک مقصد,بهار,اردیبهشت,null,null,null,هوایی,null,null,null,null,نیازمند ویزا,طبیعت‌گردی، تفریحی، استراحت و ریلکسیشن
تور تایلند بهار 1405,آسیا,تایلند,جنوب شرق آسیا,null,null,تک مقصد,بهار,null,null,null,null,هوایی,null,null,null,null,نیازمند ویزا,طبیعت‌گردی، تفریحی، استراحت و ریلکسیشن
تور مسکو سنت پترزبورگ,اوراسیا,روسیه,اروپای مرکزی و شرقی,مسکو، سنت پترزبورگ,null,ترکیبی,null,null,null,null,null,هوایی,null,null,null,null,نیازمند ویزا,تاریخی-فرهنگی، تفریحی
تور فرانسه نوروز 1405,اروپا,فرانسه,اروپای غربی,null,null,تک مقصد,بهار,null,نوروز,null,null,هوایی,null,null,null,null,نیازمند ویزا,تاریخی-فرهنگی، تفریحی
تور سوئیس ایتالیا,اروپا,سوئیس، ایتالیا,اروپای غربی,null,null,ترکیبی,null,null,null,null,null,هوایی,null,null,null,null,نیازمند ویزا,تاریخی-فرهنگی، تفریحی
تور روسیه تیر 1405,اوراسیا,روسیه,اروپای مرکزی و شرقی,null,null,تک مقصد,تابستان,تیر,null,null,null,هوایی,null,null,null,null,نیازمند ویزا,تاریخی-فرهنگی، تفریحی
تور تایلند خرداد 1405,آسیا,تایلند,جنوب شرق آسیا,null,null,تک مقصد,بهار,خرداد,null,null,null,هوایی,null,null,null,null,نیازمند ویزا,طبیعت‌گردی، تفریحی، استراحت و ریلکسیشن
تور تبریز هتل لاله پارک,آسیا,ایران,شمال کشور,تبریز,null,تک مقصد,null,null,null,null,null,هوایی، زمینی، ریلی,هتل لاله پارک,null,null,null,بدون ویزا,تاریخی-فرهنگی، تفریحی
تور عمان از مشهد,آسیا,عمان,خاورمیانه,null,مشهد,تک مقصد,null,null,null,null,null,هوایی,null,null,null,null,بدون ویزا,تفریحی، استراحت و ریلکسیشن
تور پوکت پاییز 1405,آسیا,تایلند,جنوب شرق آسیا,پوکت,null,تک مقصد,پاییز,null,null,null,null,هوایی,null,null,null,null,نیازمند ویزا,استراحت و ریلکسیشن، تفریحی
تور عمان از شیراز,آسیا,عمان,خاورمیانه,null,شیراز,تک مقصد,null,null,null,null,null,هوایی,null,null,null,null,بدون ویزا,تفریحی، استراحت و ریلکسیشن
تور استانبول 4 شب و 5 روز,اوراسیا,ترکیه,قفقاز و آناتولی,استانبول,null,تک مقصد,null,null,null,null,null,هوایی، زمینی,null,null,null,null,بدون ویزا,تفریحی، خرید، تاریخی-فرهنگی
تور قشم پاییز 1405,آسیا,ایران,جنوب کشور,قشم,null,تک مقصد,پاییز,null,null,null,null,هوایی، زمینی، ریلی,null,null,null,null,بدون ویزا,طبیعت‌گردی، خرید، تفریحی
تور کیش آبان 1405,آسیا,ایران,جنوب کشور,کیش,null,تک مقصد,پاییز,آبان,null,null,null,هوایی,null,null,null,null,بدون ویزا,تفریحی، استراحت و ریلکسیشن، خرید
تور قشم مهر 1405,آسیا,ایران,جنوب کشور,قشم,null,تک مقصد,پاییز,مهر,null,null,null,هوایی، زمینی، ریلی,null,null,null,null,بدون ویزا,طبیعت‌گردی، خرید، تفریحی
تور پوکت آذر 1405,آسیا,تایلند,جنوب شرق آسیا,پوکت,null,تک مقصد,پاییز,آذر,null,null,null,هوایی,null,null,null,null,نیازمند ویزا,استراحت و ریلکسیشن، تفریحی
تور کیش مهر 1405,آسیا,ایران,جنوب کشور,کیش,null,تک مقصد,پاییز,مهر,null,null,null,هوایی,null,null,null,null,بدون ویزا,تفریحی، استراحت و ریلکسیشن، خرید
تور زمینی باکو,اوراسیا,آذربایجان,قفقاز و آناتولی,باکو,null,تک مقصد,null,null,null,null,null,زمینی,null,null,null,null,نیازمند ویزا,تاریخی-فرهنگی، تفریحی
تور شیراز از مشهد,آسیا,ایران,جنوب کشور,شیراز,مشهد,تک مقصد,null,null,null,null,null,هوایی، زمینی، ریلی,null,null,null,null,بدون ویزا,تاریخی-فرهنگی، تفریحی
تور مشهد از یزد,آسیا,ایران,شرق کشور,مشهد,یزد,تک مقصد,null,null,null,null,null,هوایی، زمینی، ریلی,null,null,null,null,بدون ویزا,زیارتی، تفریحی
تور ترکیه با قطار,اوراسیا,ترکیه,قفقاز و آناتولی,null,null,تک مقصد,null,null,null,null,null,ریلی,null,null,null,null,بدون ویزا,تفریحی، تاریخی-فرهنگی
تور آذربایجان زمینی,اوراسیا,آذربایجان,قفقاز و آناتولی,null,null,تک مقصد,null,null,null,null,null,زمینی,null,null,null,null,نیازمند ویزا,تفریحی، تاریخی-فرهنگی
تور سه روزه کیش,آسیا,ایران,جنوب کشور,کیش,null,تک مقصد,null,null,null,null,null,هوایی,null,null,null,null,بدون ویزا,تفریحی، استراحت و ریلکسیشن، خرید
تور مشهد از همدان,آسیا,ایران,شرق کشور,مشهد,همدان,تک مقصد,null,null,null,null,null,هوایی، زمینی، ریلی,null,null,null,null,بدون ویزا,زیارتی، تفریحی
تور ترکیه نوروز 1405,اوراسیا,ترکیه,قفقاز و آناتولی,null,null,تک مقصد,بهار,null,نوروز,null,null,هوایی، زمینی، ریلی,null,null,null,null,بدون ویزا,تفریحی، تاریخی-فرهنگی
تور دبی تابستان 1405,آسیا,امارات,خاورمیانه,دبی,null,تک مقصد,تابستان,null,null,null,null,هوایی,null,null,null,null,نیازمند ویزا,تفریحی، خرید
تور یک روزه,null,null,null,null,null,null,null,null,null,null,null,زمینی,null,null,null,null,null,طبیعت‌گردی، تفریحی
تور کیش هتل سارا,آسیا,ایران,جنوب کشور,کیش,null,تک مقصد,null,null,null,null,null,هوایی,هتل سارا,null,null,null,بدون ویزا,تفریحی، استراحت و ریلکسیشن، خرید
تور کربلا رجب 1405,آسیا,عراق,خاورمیانه,کربلا,null,تک مقصد,null,رجب,null,null,زیارتی,هوایی، زمینی,null,null,null,null,بدون ویزا,زیارتی
تورهای خاص فصلی,null,null,null,null,null,null,null,null,null,null,null,null,null,null,خاص,null,null,تفریحی، طبیعت‌گردی
تور کربلا شعبان 1405,آسیا,عراق,خاورمیانه,کربلا,null,تک مقصد,null,شعبان,null,null,زیارتی,هوایی، زمینی,null,null,null,null,بدون ویزا,زیارتی
تور استانبول 3 شب و 4 روز,اوراسیا,ترکیه,قفقاز و آناتولی,استانبول,null,تک مقصد,null,null,null,null,null,هوایی، زمینی,null,null,null,null,بدون ویزا,تفریحی، خرید، تاریخی-فرهنگی
تور کیش هتل سان رایز,آسیا,ایران,جنوب کشور,کیش,null,تک مقصد,null,null,null,null,null,هوایی,هتل سان رایز,null,null,null,بدون ویزا,تفریحی، استراحت و ریلکسیشن، خرید
تور ترکیه ارزان,اوراسیا,ترکیه,قفقاز و آناتولی,null,null,تک مقصد,null,null,null,null,null,هوایی، زمینی، ریلی,null,null,ارزان,null,بدون ویزا,تفریحی، تاریخی-فرهنگی
تور مشهد زمستان 1405,آسیا,ایران,شرق کشور,مشهد,null,تک مقصد,زمستان,null,null,null,زیارتی,هوایی، زمینی، ریلی,null,null,null,null,بدون ویزا,زیارتی، تفریحی
تور مشهد پاییز 1405,آسیا,ایران,شرق کشور,مشهد,null,تک مقصد,پاییز,null,null,null,زیارتی,هوایی، زمینی، ریلی,null,null,null,null,بدون ویزا,زیارتی، تفریحی
تور کاپادوکیا,اوراسیا,ترکیه,قفقاز و آناتولی,کاپادوکیا,null,تک مقصد,null,null,null,null,null,هوایی، زمینی,null,null,null,null,بدون ویزا,تفریحی، تاریخی-فرهنگی، طبیعت‌گردی
تور چابهار دی 1405,آسیا,ایران,جنوب کشور,چابهار,null,تک مقصد,زمستان,دی,null,null,null,هوایی,null,null,null,null,بدون ویزا,طبیعت‌گردی، تفریحی
تور بنتوتا,آسیا,سریلانکا,جنوب آسیا,بنتوتا,null,تک مقصد,null,null,null,null,null,هوایی,null,null,null,null,نیازمند ویزا,تفریحی، استراحت و ریلکسیشن
تور اصفهان زمستان 1405,آسیا,ایران,غرب کشور,اصفهان,null,تک مقصد,زمستان,null,null,null,null,هوایی، زمینی، ریلی,null,null,null,null,بدون ویزا,تاریخی-فرهنگی، تفریحی
تور استانبول 2 شب و 3 روز,اوراسیا,ترکیه,قفقاز و آناتولی,استانبول,null,تک مقصد,null,null,null,null,null,هوایی، زمینی,null,null,null,null,بدون ویزا,تفریحی، خرید، تاریخی-فرهنگی
تور چابهار فروردین 1405,آسیا,ایران,جنوب کشور,چابهار,null,تک مقصد,بهار,فروردین,null,null,null,هوایی,null,null,null,null,بدون ویزا,طبیعت‌گردی، تفریحی
تور شیراز پاییز 1405,آسیا,ایران,جنوب کشور,شیراز,null,تک مقصد,پاییز,null,null,null,null,هوایی، زمینی، ریلی,null,null,null,null,بدون ویزا,تاریخی-فرهنگی، تفریحی
تور سنگاپور زمستان 1405,آسیا,سنگاپور,جنوب شرق آسیا,سنگاپور,null,تک مقصد,زمستان,null,null,null,null,هوایی,null,null,null,null,نیازمند ویزا,تفریحی، خرید
تور قونیه,اوراسیا,ترکیه,قفقاز و آناتولی,قونیه,null,تک مقصد,null,null,null,null,null,هوایی، زمینی,null,null,null,null,بدون ویزا,تاریخی-فرهنگی، زیارتی
تور چابهار زمستان 1405,آسیا,ایران,جنوب کشور,چابهار,null,تک مقصد,زمستان,null,null,null,null,هوایی,null,null,null,null,بدون ویزا,طبیعت‌گردی، تفریحی
تور کیش دی 1405,آسیا,ایران,جنوب کشور,کیش,null,تک مقصد,زمستان,دی,null,null,null,هوایی,null,null,null,null,بدون ویزا,تفریحی، استراحت و ریلکسیشن، خرید
تور کیش هتل 3 ستاره,آسیا,ایران,جنوب کشور,کیش,null,تک مقصد,null,null,null,null,null,هوایی,null,3 ستاره,null,null,بدون ویزا,تفریحی، استراحت و ریلکسیشن، خرید
تور آذربایجان نوروز 1405,اوراسیا,آذربایجان,قفقاز و آناتولی,null,null,تک مقصد,بهار,null,نوروز,null,null,هوایی، زمینی,null,null,null,null,نیازمند ویزا,تاریخی-فرهنگی، تفریحی
تور باکو نوروز 1405,اوراسیا,آذربایجان,قفقاز و آناتولی,باکو,null,تک مقصد,بهار,null,نوروز,null,null,هوایی، زمینی,null,null,null,null,نیازمند ویزا,تاریخی-فرهنگی، تفریحی
تور پوکت دی 1405,آسیا,تایلند,جنوب شرق آسیا,پوکت,null,تک مقصد,زمستان,دی,null,null,null,هوایی,null,null,null,null,نیازمند ویزا,استراحت و ریلکسیشن، تفریحی
تور کیش زمستان 1405,آسیا,ایران,جنوب کشور,کیش,null,تک مقصد,زمستان,null,null,null,null,هوایی,null,null,null,null,بدون ویزا,تفریحی، استراحت و ریلکسیشن، خرید
تور کیش با ناهار,آسیا,ایران,جنوب کشور,کیش,null,تک مقصد,null,null,null,null,null,هوایی,null,null,null,null,بدون ویزا,تفریحی، استراحت و ریلکسیشن، خرید
تور مشهد بهمن 1405,آسیا,ایران,شرق کشور,مشهد,null,تک مقصد,زمستان,بهمن,null,null,null,هوایی، زمینی، ریلی,null,null,null,null,بدون ویزا,زیارتی، تفریحی
تور ارمنستان دی 1405,اوراسیا,ارمنستان,قفقاز و آناتولی,null,null,تک مقصد,زمستان,دی,null,null,null,هوایی، زمینی,null,null,null,null,بدون ویزا,تاریخی-فرهنگی، تفریحی
تور مشهد دی 1405,آسیا,ایران,شرق کشور,مشهد,null,تک مقصد,زمستان,دی,null,null,null,هوایی، زمینی، ریلی,null,null,null,null,بدون ویزا,زیارتی، تفریحی
تور قشم تیر 1405,آسیا,ایران,جنوب کشور,قشم,null,تک مقصد,تابستان,تیر,null,null,null,هوایی، زمینی، ریلی,null,null,null,null,بدون ویزا,طبیعت‌گردی، خرید، تفریحی
تور بالی نوروز 1405,آسیا,اندونزی,جنوب شرق آسیا,بالی,null,تک مقصد,بهار,null,نوروز,null,null,هوایی,null,null,null,null,نیازمند ویزا,استراحت و ریلکسیشن، تفریحی
تور پوکت بهمن 1405,آسیا,تایلند,جنوب شرق آسیا,پوکت,null,تک مقصد,زمستان,بهمن,null,null,null,هوایی,null,null,null,null,نیازمند ویزا,استراحت و ریلکسیشن، تفریحی
تور کربلا نوروز 1405,آسیا,عراق,خاورمیانه,کربلا,null,تک مقصد,بهار,null,نوروز,null,زیارتی,هوایی، زمینی,null,null,null,null,بدون ویزا,زیارتی
تور مشهد ماه رمضان,آسیا,ایران,شرق کشور,مشهد,null,تک مقصد,null,null,ماه رمضان,null,زیارتی,هوایی، زمینی، ریلی,null,null,null,null,بدون ویزا,زیارتی، تفریحی
تور بالی زمستان 1405,آسیا,اندونزی,جنوب شرق آسیا,بالی,null,تک مقصد,زمستان,null,null,null,null,هوایی,null,null,null,null,نیازمند ویزا,استراحت و ریلکسیشن، تفریحی
تور مارماریس نوروز 1405,اوراسیا,ترکیه,مدیترانه,مارماریس,null,تک مقصد,بهار,null,نوروز,null,null,هوایی,null,null,null,null,بدون ویزا,تفریحی، استراحت و ریلکسیشن
تور اصفهان نوروز 1405,آسیا,ایران,غرب کشور,اصفهان,null,تک مقصد,بهار,null,نوروز,null,null,هوایی، زمینی، ریلی,null,null,null,null,بدون ویزا,تاریخی-فرهنگی، تفریحی
تور قشم از اصفهان,آسیا,ایران,جنوب کشور,قشم,اصفهان,تک مقصد,null,null,null,null,null,هوایی، زمینی، ریلی,null,null,null,null,بدون ویزا,طبیعت‌گردی، خرید، تفریحی
تور بهار 1405,null,null,null,null,null,null,بهار,null,null,null,null,null,null,null,null,null,null,null
تور دبی تیر 1405,آسیا,امارات,خاورمیانه,دبی,null,تک مقصد,تابستان,تیر,null,null,null,هوایی,null,null,null,null,نیازمند ویزا,تفریحی، خرید
تور روسیه مرداد 1405,اوراسیا,روسیه,اروپای مرکزی و شرقی,null,null,تک مقصد,تابستان,مرداد,null,null,null,هوایی,null,null,null,null,نیازمند ویزا,تاریخی-فرهنگی، تفریحی
تور روسیه تابستان 1405,اوراسیا,روسیه,اروپای مرکزی و شرقی,null,null,تک مقصد,تابستان,null,null,null,null,هوایی,null,null,null,null,نیازمند ویزا,تاریخی-فرهنگی، تفریحی
تور دبی آذر 1405,آسیا,امارات,خاورمیانه,دبی,null,تک مقصد,پاییز,آذر,null,null,null,هوایی,null,null,null,null,نیازمند ویزا,تفریحی، خرید
تور مشهد آبان 1405,آسیا,ایران,شرق کشور,مشهد,null,تک مقصد,پاییز,آبان,null,null,زیارتی,هوایی، زمینی، ریلی,null,null,null,null,بدون ویزا,زیارتی، تفریحی
تور کیش بهار 1405,آسیا,ایران,جنوب کشور,کیش,null,تک مقصد,بهار,null,null,null,null,هوایی,null,null,null,null,بدون ویزا,تفریحی، استراحت و ریلکسیشن، خرید
تور مشهد آذر 1405,آسیا,ایران,شرق کشور,مشهد,null,تک مقصد,پاییز,آذر,null,null,زیارتی,هوایی، زمینی، ریلی,null,null,null,null,بدون ویزا,زیارتی، تفریحی
تور بالی تابستان 1405,آسیا,اندونزی,جنوب شرق آسیا,بالی,null,تک مقصد,تابستان,null,null,null,null,هوایی,null,null,null,null,نیازمند ویزا,استراحت و ریلکسیشن، تفریحی
تور دبی بهار 1405,آسیا,امارات,خاورمیانه,دبی,null,تک مقصد,بهار,null,null,null,null,هوایی,null,null,null,null,نیازمند ویزا,تفریحی، خرید
تور روسیه نوروز 1405,اوراسیا,روسیه,اروپای مرکزی و شرقی,null,null,تک مقصد,بهار,null,نوروز,null,null,هوایی,null,null,null,null,نیازمند ویزا,تاریخی-فرهنگی، تفریحی
تور کوش آداسی تابستان 1405,اوراسیا,ترکیه,مدیترانه,کوش آداسی,null,تک مقصد,تابستان,null,null,null,null,هوایی,null,null,null,null,بدون ویزا,تفریحی، استراحت و ریلکسیشن
تور چابهار تابستان 1405,آسیا,ایران,جنوب کشور,چابهار,null,تک مقصد,تابستان,null,null,null,null,هوایی,null,null,null,null,بدون ویزا,طبیعت‌گردی، تفریحی
تور قشم عید فطر 1405,آسیا,ایران,جنوب کشور,قشم,null,تک مقصد,null,null,عید فطر,null,null,هوایی، زمینی، ریلی,null,null,null,null,بدون ویزا,طبیعت‌گردی، خرید، تفریحی
تور استانبول دی 1405,اوراسیا,ترکیه,قفقاز و آناتولی,استانبول,null,تک مقصد,زمستان,دی,null,null,null,هوایی، زمینی,null,null,null,null,بدون ویزا,تفریحی، خرید، تاریخی-فرهنگی
تور چشمه,اوراسیا,ترکیه,مدیترانه,چشمه,null,تک مقصد,null,null,null,null,null,هوایی، زمینی,null,null,null,null,بدون ویزا,تفریحی، استراحت و ریلکسیشن
تور ژاپن نوروز 1405,آسیا,ژاپن,شرق آسیا,null,null,تک مقصد,بهار,null,نوروز,null,null,هوایی,null,null,null,null,نیازمند ویزا,تاریخی-فرهنگی، تفریحی
تور وان هوایی,اوراسیا,ترکیه,قفقاز و آناتولی,وان,null,تک مقصد,null,null,null,null,null,هوایی,null,null,null,null,بدون ویزا,خرید، تفریحی
تور کیش اسفند 1405,آسیا,ایران,جنوب کشور,کیش,null,تک مقصد,زمستان,اسفند,null,null,null,هوایی,null,null,null,null,بدون ویزا,تفریحی، استراحت و ریلکسیشن، خرید
تور تابستان 1405,null,null,null,null,null,null,تابستان,null,null,null,null,null,null,null,null,null,null,null
تور وان نوروز 1405,اوراسیا,ترکیه,قفقاز و آناتولی,وان,null,تک مقصد,بهار,null,نوروز,null,null,زمینی، هوایی,null,null,null,null,بدون ویزا,خرید، تفریحی
تور سوریه,آسیا,سوریه,خاورمیانه,null,null,تک مقصد,null,null,null,null,زیارتی,هوایی,null,null,null,null,بدون ویزا,زیارتی
تور کیش از کرمان,آسیا,ایران,جنوب کشور,کیش,کرمان,تک مقصد,null,null,null,null,null,هوایی,null,null,null,null,بدون ویزا,تفریحی، استراحت و ریلکسیشن، خرید
تور کیش تیر 1405,آسیا,ایران,جنوب کشور,کیش,null,تک مقصد,تابستان,تیر,null,null,null,هوایی,null,null,null,null,بدون ویزا,تفریحی، استراحت و ریلکسیشن، خرید
تور اتریش,اروپا,اتریش,اروپای مرکزی و شرقی,null,null,تک مقصد,null,null,null,null,null,هوایی,null,null,null,null,نیازمند ویزا,تاریخی-فرهنگی، تفریحی
تور آلمان,اروپا,آلمان,اروپای غربی,null,null,تک مقصد,null,null,null,null,null,هوایی,null,null,null,null,نیازمند ویزا,تاریخی-فرهنگی، تفریحی
تور استانبول فروردین 1405,اوراسیا,ترکیه,قفقاز و آناتولی,استانبول,null,تک مقصد,بهار,فروردین,null,null,null,هوایی، زمینی,null,null,null,null,بدون ویزا,تفریحی، خرید، تاریخی-فرهنگی
تور مونیخ,اروپا,آلمان,اروپای غربی,مونیخ,null,تک مقصد,null,null,null,null,null,هوایی,null,null,null,null,نیازمند ویزا,تاریخی-فرهنگی، تفریحی
تور اروپا زمستان 1405,اروپا,null,اروپا,null,null,ترکیبی,زمستان,null,null,null,null,هوایی,null,null,null,null,نیازمند ویزا,تاریخی-فرهنگی، تفریحی
تورهای تعطیلات خرداد 1405,null,null,null,null,null,null,بهار,خرداد,تعطیلات خرداد,null,null,null,null,null,null,null,null,تفریحی
تور وین,اروپا,اتریش,اروپای مرکزی و شرقی,وین,null,تک مقصد,null,null,null,null,null,هوایی,null,null,null,null,نیازمند ویزا,تاریخی-فرهنگی، تفریحی
تور قشم اردیبهشت 1405,آسیا,ایران,جنوب کشور,قشم,null,تک مقصد,بهار,اردیبهشت,null,null,null,هوایی، زمینی، ریلی,null,null,null,null,بدون ویزا,طبیعت‌گردی، خرید، تفریحی
تور بلغارستان تابستان 1405,اروپا,بلغارستان,مدیترانه,null,null,تک مقصد,تابستان,null,null,null,null,هوایی,null,null,null,null,نیازمند ویزا,تفریحی، استراحت و ریلکسیشن
تور استانبول اردیبهشت 1405,اوراسیا,ترکیه,قفقاز و آناتولی,استانبول,null,تک مقصد,بهار,اردیبهشت,null,null,null,هوایی، زمینی,null,null,null,null,بدون ویزا,تفریحی، خرید، تاریخی-فرهنگی
تور کیش اردیبهشت 1405,آسیا,ایران,جنوب کشور,کیش,null,تک مقصد,بهار,اردیبهشت,null,null,null,هوایی,null,null,null,null,بدون ویزا,تفریحی، استراحت و ریلکسیشن، خرید
تور ایتالیا نوروز 1405,اروپا,ایتالیا,مدیترانه,null,null,تک مقصد,بهار,null,نوروز,null,null,هوایی,null,null,null,null,نیازمند ویزا,تاریخی-فرهنگی، تفریحی
تور اسپانیا تابستان 1405,اروپا,اسپانیا,مدیترانه,null,null,تک مقصد,تابستان,null,null,null,null,هوایی,null,null,null,null,نیازمند ویزا,تاریخی-فرهنگی، تفریحی
تور ایتالیا تابستان 1405,اروپا,ایتالیا,مدیترانه,null,null,تک مقصد,تابستان,null,null,null,null,هوایی,null,null,null,null,نیازمند ویزا,تاریخی-فرهنگی، تفریحی
تور وارنا تابستان 1405,اروپا,بلغارستان,مدیترانه,وارنا,null,تک مقصد,تابستان,null,null,null,null,هوایی,null,null,null,null,نیازمند ویزا,تفریحی، استراحت و ریلکسیشن
تور ارمنستان اردیبهشت 1405,اوراسیا,ارمنستان,قفقاز و آناتولی,null,null,تک مقصد,بهار,اردیبهشت,null,null,null,هوایی، زمینی,null,null,null,null,بدون ویزا,تاریخی-فرهنگی، تفریحی
تور آنتالیا اردیبهشت 1405,اوراسیا,ترکیه,مدیترانه,آنتالیا,null,تک مقصد,بهار,اردیبهشت,null,null,null,هوایی,null,null,null,null,بدون ویزا,تفریحی، استراحت و ریلکسیشن
تور کرمانشاه,آسیا,ایران,غرب کشور,کرمانشاه,null,تک مقصد,null,null,null,null,null,هوایی، زمینی، ریلی,null,null,null,null,بدون ویزا,تاریخی-فرهنگی، طبیعت‌گردی
تور کرمان,آسیا,ایران,غرب کشور,کرمان,null,تک مقصد,null,null,null,null,null,هوایی، زمینی، ریلی,null,null,null,null,بدون ویزا,تاریخی-فرهنگی، تفریحی
تور آنتالیا پاییز 1405,اوراسیا,ترکیه,مدیترانه,آنتالیا,null,تک مقصد,پاییز,null,null,null,null,هوایی,null,null,null,null,بدون ویزا,تفریحی، استراحت و ریلکسیشن
تور آنتالیا تیر 1405,اوراسیا,ترکیه,مدیترانه,آنتالیا,null,تک مقصد,تابستان,تیر,null,null,null,هوایی,null,null,null,null,بدون ویزا,تفریحی، استراحت و ریلکسیشن
تور از اصفهان,null,null,غرب کشور,null,اصفهان,null,null,null,null,null,null,هوایی، زمینی، ریلی,null,null,null,null,null,null
تورهای قطار گردشگری,null,null,null,null,null,null,null,null,null,null,گردشگری,ریلی,null,null,null,null,null,تفریحی، طبیعت‌گردی
تور آنتالیا تابستان 1405,اوراسیا,ترکیه,مدیترانه,آنتالیا,null,تک مقصد,تابستان,null,null,null,null,هوایی,null,null,null,null,بدون ویزا,تفریحی، استراحت و ریلکسیشن
تور از شیراز,null,null,جنوب کشور,null,شیراز,null,null,null,null,null,null,هوایی، زمینی، ریلی,null,null,null,null,null,null
تور آنتالیا آبان 1405,اوراسیا,ترکیه,مدیترانه,آنتالیا,null,تک مقصد,پاییز,آبان,null,null,null,هوایی,null,null,null,null,بدون ویزا,تفریحی، استراحت و ریلکسیشن
تور آنتالیا خرداد 1405,اوراسیا,ترکیه,مدیترانه,آنتالیا,null,تک مقصد,بهار,خرداد,null,null,null,هوایی,null,null,null,null,بدون ویزا,تفریحی، استراحت و ریلکسیشن
تور دانمارک,اروپا,دانمارک,اسکاندیناوی,null,null,تک مقصد,null,null,null,null,null,هوایی,null,null,null,null,نیازمند ویزا,تاریخی-فرهنگی، تفریحی
تور سوئد,اروپا,سوئد,اسکاندیناوی,null,null,تک مقصد,null,null,null,null,null,هوایی,null,null,null,null,نیازمند ویزا,تاریخی-فرهنگی، تفریحی
تور میلان + شرایط و قیمت استثنایی,اروپا,ایتالیا,مدیترانه,میلان,null,تک مقصد,null,null,null,null,null,هوایی,null,null,استثنایی,null,نیازمند ویزا,تاریخی-فرهنگی، تفریحی
تور آنتالیا از تبریز,اوراسیا,ترکیه,مدیترانه,آنتالیا,تبریز,تک مقصد,null,null,null,null,null,هوایی,null,null,null,null,بدون ویزا,تفریحی، استراحت و ریلکسیشن
تور بلغارستان,اروپا,بلغارستان,مدیترانه,null,null,تک مقصد,null,null,null,null,null,هوایی,null,null,null,null,نیازمند ویزا,تاریخی-فرهنگی، تفریحی
تور آنتالیا هتل‌های یوآل,اوراسیا,ترکیه,مدیترانه,آنتالیا,null,تک مقصد,null,null,null,null,null,هوایی,null,null,یوآل,null,بدون ویزا,تفریحی، استراحت و ریلکسیشن
تور بلژیک,اروپا,بلژیک,اروپای غربی,null,null,تک مقصد,null,null,null,null,null,هوایی,null,null,null,null,نیازمند ویزا,تاریخی-فرهنگی، تفریحی
تور بروکسل,اروپا,بلژیک,اروپای غربی,بروکسل,null,تک مقصد,null,null,null,null,null,هوایی,null,null,null,null,نیازمند ویزا,تاریخی-فرهنگی، تفریحی
تورهای بوداپست,اروپا,مجارستان,اروپای مرکزی و شرقی,بوداپست,null,تک مقصد,null,null,null,null,null,هوایی,null,null,null,null,نیازمند ویزا,تاریخی-فرهنگی، تفریحی
تور پرتغال,اروپا,پرتغال,مدیترانه,null,null,تک مقصد,null,null,null,null,null,هوایی,null,null,null,null,نیازمند ویزا,تاریخی-فرهنگی، تفریحی
تور استکهلم,اروپا,سوئد,اسکاندیناوی,استکهلم,null,تک مقصد,null,null,null,null,null,هوایی,null,null,null,null,نیازمند ویزا,تاریخی-فرهنگی، تفریحی
تور لیسبون,اروپا,پرتغال,مدیترانه,لیسبون,null,تک مقصد,null,null,null,null,null,هوایی,null,null,null,null,نیازمند ویزا,تاریخی-فرهنگی، تفریحی
تور وارنا,اروپا,بلغارستان,مدیترانه,وارنا,null,تک مقصد,null,null,null,null,null,هوایی,null,null,null,null,نیازمند ویزا,تفریحی، استراحت و ریلکسیشن
تور فلورانس | شرایط و قیمت استثنایی,اروپا,ایتالیا,شرایط و قیمت استثنایی,فلورانس,null,تک مقصد,null,null,null,null,null,هوایی,null,null,استثنایی,null,نیازمند ویزا,تاریخی-فرهنگی، تفریحی
تور کلن آلمان,اروپا,آلمان,اروپای غربی,کلن,null,تک مقصد,null,null,null,null,null,هوایی,null,null,null,null,نیازمند ویزا,تاریخی-فرهنگی، تفریحی
تور مجارستان,اروپا,مجارستان,اروپای مرکزی و شرقی,null,null,تک مقصد,null,null,null,null,null,هوایی,null,null,null,null,نیازمند ویزا,تاریخی-فرهنگی، تفریحی
تور قبرس شمالی,اروپا,قبرس شمالی,مدیترانه,null,null,تک مقصد,null,null,null,null,null,هوایی,null,null,null,null,بدون ویزا,تفریحی، استراحت و ریلکسیشن
تور سورنتو,اروپا,ایتالیا,مدیترانه,سورنتو,null,تک مقصد,null,null,null,null,null,هوایی,null,null,null,null,نیازمند ویزا,تفریحی، استراحت و ریلکسیشن
تور اسلواکی,اروپا,اسلواکی,اروپای مرکزی و شرقی,null,null,تک مقصد,null,null,null,null,null,هوایی,null,null,null,null,نیازمند ویزا,تاریخی-فرهنگی، تفریحی
تور فرانکفورت,اروپا,آلمان,اروپای غربی,فرانکفورت,null,تک مقصد,null,null,null,null,null,هوایی,null,null,null,null,نیازمند ویزا,تاریخی-فرهنگی، تفریحی
تور تبریز تابستان 1405,آسیا,ایران,شمال کشور,تبریز,null,تک مقصد,تابستان,null,null,null,null,هوایی، زمینی، ریلی,null,null,null,null,بدون ویزا,تاریخی-فرهنگی، تفریحی
تور استانبول از تبریز,اوراسیا,ترکیه,قفقاز و آناتولی,استانبول,تبریز,تک مقصد,null,null,null,null,null,هوایی، زمینی,null,null,null,null,بدون ویزا,تفریحی، خرید، تاریخی-فرهنگی
تور شب‌های سفید روسیه 1405,اوراسیا,روسیه,اروپای مرکزی و شرقی,null,null,تک مقصد,null,null,null,شب‌های سفید,null,هوایی,null,null,null,null,نیازمند ویزا,تاریخی-فرهنگی، تفریحی
تور مشهد تاسوعا و عاشورا 1405,آسیا,ایران,شرق کشور,مشهد,null,تک مقصد,null,null,تاسوعا و عاشورا,null,زیارتی,هوایی، زمینی، ریلی,null,null,null,null,بدون ویزا,زیارتی
تور اروپا تابستان 1405,اروپا,null,اروپا,null,null,ترکیبی,تابستان,null,null,null,null,هوایی,null,null,null,null,نیازمند ویزا,تاریخی-فرهنگی، تفریحی
تور سوئیس تابستان 1405,اروپا,سوئیس,اروپای غربی,null,null,تک مقصد,تابستان,null,null,null,null,هوایی,null,null,null,null,نیازمند ویزا,طبیعت‌گردی، تاریخی-فرهنگی، تفریحی
تور کیش از شیراز,آسیا,ایران,جنوب کشور,کیش,شیراز,تک مقصد,null,null,null,null,null,هوایی,null,null,null,null,بدون ویزا,تفریحی، استراحت و ریلکسیشن، خرید
تور استانبول از شیراز,اوراسیا,ترکیه,قفقاز و آناتولی,استانبول,شیراز,تک مقصد,null,null,null,null,null,هوایی، زمینی,null,null,null,null,بدون ویزا,تفریحی، خرید، تاریخی-فرهنگی
تور اردبیل,آسیا,ایران,شمال کشور,اردبیل,null,تک مقصد,null,null,null,null,null,هوایی، زمینی,null,null,null,null,بدون ویزا,طبیعت‌گردی، تاریخی-فرهنگی
تور سرعین,آسیا,ایران,شمال کشور,سرعین,null,تک مقصد,null,null,null,null,null,هوایی، زمینی,null,null,null,null,بدون ویزا,تفریحی، طبیعت‌گردی
تور زمینی وان با اتوبوس Vip,اوراسیا,ترکیه,قفقاز و آناتولی,وان,null,تک مقصد,null,null,null,null,null,زمینی,null,null,Vip,null,بدون ویزا,خرید، تفریحی
تور مشهد تیر 1405,آسیا,ایران,شرق کشور,مشهد,null,تک مقصد,تابستان,تیر,null,null,زیارتی,هوایی، زمینی، ریلی,null,null,null,null,بدون ویزا,زیارتی، تفریحی
تور آنتالیا زمینی,اوراسیا,ترکیه,مدیترانه,آنتالیا,null,تک مقصد,null,null,null,null,null,زمینی,null,null,null,null,بدون ویزا,تفریحی، استراحت و ریلکسیشن
تور اروپا بهار 1405,اروپا,null,اروپا,null,null,ترکیبی,بهار,null,null,null,null,هوایی,null,null,null,null,نیازمند ویزا,تاریخی-فرهنگی، تفریحی
تور آنتالیا شهریور 1405,اوراسیا,ترکیه,مدیترانه,آنتالیا,null,تک مقصد,تابستان,شهریور,null,null,null,هوایی,null,null,null,null,بدون ویزا,تفریحی، استراحت و ریلکسیشن
تور مشهد شهریور 1405,آسیا,ایران,شرق کشور,مشهد,null,تک مقصد,تابستان,شهریور,null,null,زیارتی,هوایی، زمینی، ریلی,null,null,null,null,بدون ویزا,زیارتی، تفریحی
تور قشم مرداد 1405,آسیا,ایران,جنوب کشور,قشم,null,تک مقصد,تابستان,مرداد,null,null,null,هوایی، زمینی، ریلی,null,null,null,null,بدون ویزا,طبیعت‌گردی، خرید، تفریحی
تور موریس,آفریقا,موریس,آفریقا,null,null,تک مقصد,null,null,null,null,null,هوایی,null,null,null,null,نیازمند ویزا,استراحت و ریلکسیشن، تفریحی
تور وان با قطار,اوراسیا,ترکیه,قفقاز و آناتولی,وان,null,تک مقصد,null,null,null,null,null,ریلی,null,null,null,null,بدون ویزا,خرید، تفریحی
تور وان از کرج,اوراسیا,ترکیه,قفقاز و آناتولی,وان,کرج,تک مقصد,null,null,null,null,null,زمینی، هوایی,null,null,null,null,بدون ویزا,خرید، تفریحی
تور کیش مرداد 1405,آسیا,ایران,جنوب کشور,کیش,null,تک مقصد,تابستان,مرداد,null,null,null,هوایی,null,null,null,null,بدون ویزا,تفریحی، استراحت و ریلکسیشن، خرید
تور لحظه آخری استانبول,اوراسیا,ترکیه,قفقاز و آناتولی,استانبول,null,تک مقصد,null,null,null,null,null,هوایی، زمینی,null,null,لحظه آخری,null,بدون ویزا,تفریحی، خرید، تاریخی-فرهنگی
تور چابهار مرداد 1405,آسیا,ایران,جنوب کشور,چابهار,null,تک مقصد,تابستان,مرداد,null,null,null,هوایی,null,null,null,null,بدون ویزا,طبیعت‌گردی، تفریحی
تور پاییز 1405,null,null,null,null,null,null,پاییز,null,null,null,null,null,null,null,null,null,null,null
تور خارجی زیر 10 میلیون,null,null,null,null,null,null,null,null,null,null,null,هوایی، زمینی,null,null,ارزان,null,null,تفریحی
تور جام جهانی فوتبال 2026,آمریکا,null,آمریکا,null,null,ترکیبی,null,null,null,جام جهانی فوتبال 2026,null,هوایی,null,null,null,null,نیازمند ویزا,رویداد ورزشی، تفریحی
تور کربلا هتل امپراطور,آسیا,عراق,خاورمیانه,کربلا,null,تک مقصد,null,null,null,null,زیارتی,هوایی، زمینی,هتل امپراطور,null,null,null,بدون ویزا,زیارتی
تور کیش از اهواز,آسیا,ایران,جنوب کشور,کیش,اهواز,تک مقصد,null,null,null,null,null,هوایی,null,null,null,null,بدون ویزا,تفریحی، استراحت و ریلکسیشن، خرید
تور وان از خوی,اوراسیا,ترکیه,قفقاز و آناتولی,وان,خوی,تک مقصد,null,null,null,null,null,زمینی,null,null,null,null,بدون ویزا,خرید، تفریحی
تور اصفهان تابستان 1405,آسیا,ایران,غرب کشور,اصفهان,null,تک مقصد,تابستان,null,null,null,null,هوایی، زمینی، ریلی,null,null,null,null,بدون ویزا,تاریخی-فرهنگی، تفریحی
تور یونان,اروپا,یونان,مدیترانه,null,null,تک مقصد,null,null,null,null,null,هوایی,null,null,null,null,نیازمند ویزا,تاریخی-فرهنگی، تفریحی
تور کیش از ساری,آسیا,ایران,جنوب کشور,کیش,ساری,تک مقصد,null,null,null,null,null,هوایی,null,null,null,null,بدون ویزا,تفریحی، استراحت و ریلکسیشن، خرید
تور گوانجو,آسیا,چین,شرق آسیا,گوانجو,null,تک مقصد,null,null,null,null,null,هوایی,null,null,null,null,نیازمند ویزا,تجاری، خرید، تفریحی
تور مشهد از تبریز,آسیا,ایران,شرق کشور,مشهد,تبریز,تک مقصد,null,null,null,null,زیارتی,هوایی، زمینی، ریلی,null,null,null,null,بدون ویزا,زیارتی، تفریحی
تور مشهد از شیراز,آسیا,ایران,شرق کشور,مشهد,شیراز,تک مقصد,null,null,null,null,زیارتی,هوایی، زمینی، ریلی,null,null,null,null,بدون ویزا,زیارتی، تفریحی
تور مارماریس پاییز 1405,اوراسیا,ترکیه,مدیترانه,مارماریس,null,تک مقصد,پاییز,null,null,null,null,هوایی,null,null,null,null,بدون ویزا,تفریحی، استراحت و ریلکسیشن
تور دبی مهر 1405,آسیا,امارات,خاورمیانه,دبی,null,تک مقصد,پاییز,مهر,null,null,null,هوایی,null,null,null,null,نیازمند ویزا,تفریحی، خرید
تور فرانسه پاییز 1405,اروپا,فرانسه,اروپای غربی,null,null,تک مقصد,پاییز,null,null,null,null,هوایی,null,null,null,null,نیازمند ویزا,تاریخی-فرهنگی، تفریحی
تور دبی 7 شب و 8 روز,آسیا,امارات,خاورمیانه,دبی,null,تک مقصد,null,null,null,null,null,هوایی,null,null,null,null,نیازمند ویزا,تفریحی، خرید
تور روسیه بهار 1405,اوراسیا,روسیه,اروپای مرکزی و شرقی,null,null,تک مقصد,بهار,null,null,null,null,هوایی,null,null,null,null,نیازمند ویزا,تاریخی-فرهنگی، تفریحی
تور فیلیپین,آسیا,فیلیپین,جنوب شرق آسیا,null,null,تک مقصد,null,null,null,null,null,هوایی,null,null,null,null,نیازمند ویزا,استراحت و ریلکسیشن، طبیعت‌گردی
تور سنگاپور تابستان 1405,آسیا,سنگاپور,جنوب شرق آسیا,سنگاپور,null,تک مقصد,تابستان,null,null,null,null,هوایی,null,null,null,null,نیازمند ویزا,تفریحی، خرید
تور تایلند زمستان 1405,آسیا,تایلند,جنوب شرق آسیا,null,null,تک مقصد,زمستان,null,null,null,null,هوایی,null,null,null,null,نیازمند ویزا,طبیعت‌گردی، تفریحی، استراحت و ریلکسیشن
تور ارمنستان پاییز 1405,اوراسیا,ارمنستان,قفقاز و آناتولی,null,null,تک مقصد,پاییز,null,null,null,null,هوایی، زمینی,null,null,null,null,بدون ویزا,تاریخی-فرهنگی، تفریحی
تور دبی ۴ شب و ۵ روز,آسیا,امارات,خاورمیانه,دبی,null,تک مقصد,null,null,null,null,null,هوایی,null,null,null,null,نیازمند ویزا,تفریحی، خرید
تور تایلند مهر 1405,آسیا,تایلند,جنوب شرق آسیا,null,null,تک مقصد,پاییز,مهر,null,null,null,هوایی,null,null,null,null,نیازمند ویزا,طبیعت‌گردی، تفریحی، استراحت و ریلکسیشن
تور دبی نوروز 1405,آسیا,امارات,خاورمیانه,دبی,null,تک مقصد,بهار,null,نوروز,null,null,هوایی,null,null,null,null,نیازمند ویزا,تفریحی، خرید
تور تایلند آذر 1405,آسیا,تایلند,جنوب شرق آسیا,null,null,تک مقصد,پاییز,آذر,null,null,null,هوایی,null,null,null,null,نیازمند ویزا,طبیعت‌گردی، تفریحی، استراحت و ریلکسیشن
تور ارمنستان هوایی,اوراسیا,ارمنستان,قفقاز و آناتولی,null,null,تک مقصد,null,null,null,null,null,هوایی,null,null,null,null,بدون ویزا,تاریخی-فرهنگی، تفریحی
تور تایلند پاییز 1405,آسیا,تایلند,جنوب شرق آسیا,null,null,تک مقصد,پاییز,null,null,null,null,هوایی,null,null,null,null,نیازمند ویزا,طبیعت‌گردی، تفریحی، استراحت و ریلکسیشن
تورهای ارزان چابهار,آسیا,ایران,جنوب کشور,چابهار,null,تک مقصد,null,null,null,null,null,هوایی,null,null,ارزان,null,بدون ویزا,طبیعت‌گردی، تفریحی
تور کپنهاگ,اروپا,دانمارک,اسکاندیناوی,کپنهاگ,null,تک مقصد,null,null,null,null,null,هوایی,null,null,null,null,نیازمند ویزا,تاریخی-فرهنگی، تفریحی
تور قشم ارزان,آسیا,ایران,جنوب کشور,قشم,null,تک مقصد,null,null,null,null,null,هوایی، زمینی، ریلی,null,null,ارزان,null,بدون ویزا,طبیعت‌گردی، خرید، تفریحی
تور پوکت نوروز 1405,آسیا,تایلند,جنوب شرق آسیا,پوکت,null,تک مقصد,بهار,null,نوروز,null,null,هوایی,null,null,null,null,نیازمند ویزا,استراحت و ریلکسیشن، تفریحی
تور مشهد هتل نگین پاسارگاد,آسیا,ایران,شرق کشور,مشهد,null,تک مقصد,null,null,null,null,زیارتی,هوایی، زمینی، ریلی,هتل نگین پاسارگاد,null,null,null,بدون ویزا,زیارتی، تفریحی
تور قشم لحظه آخری,آسیا,ایران,جنوب کشور,قشم,null,تک مقصد,null,null,null,null,null,هوایی، زمینی، ریلی,null,null,لحظه آخری,null,بدون ویزا,طبیعت‌گردی، خرید، تفریحی
تور قشم دی 1405,آسیا,ایران,جنوب کشور,قشم,null,تک مقصد,زمستان,دی,null,null,null,هوایی، زمینی، ریلی,null,null,null,null,بدون ویزا,طبیعت‌گردی، خرید، تفریحی
تور ارمنستان از تبریز,اوراسیا,ارمنستان,قفقاز و آناتولی,null,تبریز,تک مقصد,null,null,null,null,null,هوایی، زمینی,null,null,null,null,بدون ویزا,تاریخی-فرهنگی، تفریحی
تور قشم آذر 1405,آسیا,ایران,جنوب کشور,قشم,null,تک مقصد,پاییز,آذر,null,null,null,هوایی، زمینی، ریلی,null,null,null,null,بدون ویزا,طبیعت‌گردی، خرید، تفریحی
تور شفق قطبی روسیه,اوراسیا,روسیه,اروپای مرکزی و شرقی,null,null,تک مقصد,null,null,null,شفق قطبی,طبیعت‌گردی,هوایی,null,null,null,null,نیازمند ویزا,طبیعت‌گردی، ماجراجویی
تور لوگانو,اروپا,سوئیس,اروپای غربی,لوگانو,null,تک مقصد,null,null,null,null,null,هوایی,null,null,null,null,نیازمند ویزا,استراحت و ریلکسیشن، تفریحی
تور زوریخ,اروپا,سوئیس,اروپای غربی,زوریخ,null,تک مقصد,null,null,null,null,null,هوایی,null,null,null,null,نیازمند ویزا,تاریخی-فرهنگی، تفریحی
تور مشهد محرم 1405,آسیا,ایران,شرق کشور,مشهد,null,تک مقصد,null,محرم,null,null,زیارتی,هوایی، زمینی، ریلی,null,null,null,null,بدون ویزا,زیارتی
تور رم,اروپا,ایتالیا,مدیترانه,رم,null,تک مقصد,null,null,null,null,null,هوایی,null,null,null,null,نیازمند ویزا,تاریخی-فرهنگی، تفریحی
تور پراگ,اروپا,جمهوری چک,اروپای مرکزی و شرقی,پراگ,null,تک مقصد,null,null,null,null,null,هوایی,null,null,null,null,نیازمند ویزا,تاریخی-فرهنگی، تفریحی
تور کرواسی,اروپا,کرواسی,مدیترانه,null,null,تک مقصد,null,null,null,null,null,هوایی,null,null,null,null,نیازمند ویزا,تفریحی، تاریخی-فرهنگی
تور نروژ,اروپا,نروژ,اسکاندیناوی,null,null,تک مقصد,null,null,null,null,null,هوایی,null,null,null,null,نیازمند ویزا,طبیعت‌گردی، تاریخی-فرهنگی
تور روسیه با پرواز ماهان,اوراسیا,روسیه,اروپای مرکزی و شرقی,null,null,تک مقصد,null,null,null,null,null,هوایی,null,null,null,null,نیازمند ویزا,تاریخی-فرهنگی، تفریحی
تور آتن,اروپا,یونان,مدیترانه,آتن,null,تک مقصد,null,null,null,null,null,هوایی,null,null,null,null,نیازمند ویزا,تاریخی-فرهنگی، تفریحی
تور ونیز | شرایط و قیمت استثنایی,اروپا,ایتالیا,مدیترانه,ونیز,null,تک مقصد,null,null,null,null,null,هوایی,null,null,استثنایی,null,نیازمند ویزا,تاریخی-فرهنگی، تفریحی
تور چابهار از مشهد,آسیا,ایران,جنوب کشور,چابهار,مشهد,تک مقصد,null,null,null,null,null,هوایی,null,null,null,null,بدون ویزا,طبیعت‌گردی، تفریحی
تور چابهار هتل لیپار,آسیا,ایران,جنوب کشور,چابهار,null,تک مقصد,null,null,null,null,null,هوایی,هتل لیپار,null,null,null,بدون ویزا,طبیعت‌گردی، تفریحی
تور ژنو,اروپا,سوئیس,اروپای غربی,ژنو,null,تک مقصد,null,null,null,null,null,هوایی,null,null,null,null,نیازمند ویزا,تاریخی-فرهنگی، تفریحی
تور براتیسلاوا,اروپا,اسلواکی,اروپای مرکزی و شرقی,براتیسلاوا,null,تک مقصد,null,null,null,null,null,هوایی,null,null,null,null,نیازمند ویزا,تاریخی-فرهنگی، تفریحی
تور بارسلونا,اروپا,اسپانیا,مدیترانه,بارسلونا,null,تک مقصد,null,null,null,null,null,هوایی,null,null,null,null,نیازمند ویزا,تاریخی-فرهنگی، تفریحی
تور اسلو,اروپا,نروژ,اسکاندیناوی,اسلو,null,تک مقصد,null,null,null,null,null,هوایی,null,null,null,null,نیازمند ویزا,تاریخی-فرهنگی، تفریحی
تور مشهد از کرمان,آسیا,ایران,شرق کشور,مشهد,کرمان,تک مقصد,null,null,null,null,زیارتی,هوایی، زمینی، ریلی,null,null,null,null,بدون ویزا,زیارتی، تفریحی
تور ارزان اروپا,اروپا,null,اروپا,null,null,ترکیبی,null,null,null,null,null,هوایی,null,null,ارزان,null,نیازمند ویزا,تاریخی-فرهنگی، تفریحی
تور دبی هتل ۵ ستاره,آسیا,امارات,خاورمیانه,دبی,null,تک مقصد,null,null,null,null,null,هوایی,null,۵ ستاره,null,null,نیازمند ویزا,تفریحی، خرید
تور مشهد از قم,آسیا,ایران,شرق کشور,مشهد,قم,تک مقصد,null,null,null,null,زیارتی,هوایی، زمینی، ریلی,null,null,null,null,بدون ویزا,زیارتی، تفریحی
تور تایلند از شیراز,آسیا,تایلند,جنوب شرق آسیا,null,شیراز,تک مقصد,null,null,null,null,null,هوایی,null,null,null,null,نیازمند ویزا,طبیعت‌گردی، تفریحی، استراحت و ریلکسیشن
تور کربلا از کرج,آسیا,عراق,خاورمیانه,کربلا,کرج,تک مقصد,null,null,null,null,زیارتی,هوایی، زمینی,null,null,null,null,بدون ویزا,زیارتی
تور کربلا هوایی,آسیا,عراق,خاورمیانه,کربلا,null,تک مقصد,null,null,null,null,زیارتی,هوایی,null,null,null,null,بدون ویزا,زیارتی
تور آنتالیا از مشهد,اوراسیا,ترکیه,مدیترانه,آنتالیا,مشهد,تک مقصد,null,null,null,null,null,هوایی,null,null,null,null,بدون ویزا,تفریحی، استراحت و ریلکسیشن
تور کنیا,آفریقا,کنیا,آفریقا,null,null,تک مقصد,null,null,null,null,null,هوایی,null,null,null,null,نیازمند ویزا,طبیعت‌گردی، ماجراجویی
تور کربلا محرم 1405,آسیا,عراق,خاورمیانه,کربلا,null,تک مقصد,null,محرم,null,null,زیارتی,هوایی، زمینی,null,null,null,null,بدون ویزا,زیارتی
تور آنتالیا ارزان,اوراسیا,ترکیه,مدیترانه,آنتالیا,null,تک مقصد,null,null,null,null,null,هوایی,null,null,ارزان,null,بدون ویزا,تفریحی، استراحت و ریلکسیشن
تور آنتالیا بهمن 1405,اوراسیا,ترکیه,مدیترانه,آنتالیا,null,تک مقصد,زمستان,بهمن,null,null,null,هوایی,null,null,null,null,بدون ویزا,تفریحی، استراحت و ریلکسیشن
تور قشم هتل آراکتا,آسیا,ایران,جنوب کشور,قشم,null,تک مقصد,null,null,null,null,null,هوایی، زمینی، ریلی,هتل آراکتا,null,null,null,بدون ویزا,طبیعت‌گردی، خرید، تفریحی
تور آنتالیا لحظه آخری,اوراسیا,ترکیه,مدیترانه,آنتالیا,null,تک مقصد,null,null,null,null,null,هوایی,null,null,لحظه آخری,null,بدون ویزا,تفریحی، استراحت و ریلکسیشن
تور استانبول بهمن 1405,اوراسیا,ترکیه,قفقاز و آناتولی,استانبول,null,تک مقصد,زمستان,بهمن,null,null,null,هوایی، زمینی,null,null,null,null,بدون ویزا,تفریحی، خرید، تاریخی-فرهنگی
تور بانکوک پوکت,آسیا,تایلند,جنوب شرق آسیا,بانکوک، پوکت,null,ترکیبی,null,null,null,null,null,هوایی,null,null,null,null,نیازمند ویزا,تفریحی، استراحت و ریلکسیشن، خرید
تورهای اکسپو ژاپن 2026,آسیا,ژاپن,شرق آسیا,null,null,تک مقصد,null,null,null,اکسپو,null,هوایی,null,null,null,null,نیازمند ویزا,تجاری، تفریحی، رویداد خاص
تور قزاقستان,آسیا,قزاقستان,قفقاز و آناتولی,null,null,تک مقصد,null,null,null,null,null,هوایی,null,null,null,null,بدون ویزا,تاریخی-فرهنگی، طبیعت‌گردی
تور جمهوری چک,اروپا,جمهوری چک,اروپای مرکزی و شرقی,null,null,تک مقصد,null,null,null,null,null,هوایی,null,null,null,null,نیازمند ویزا,تاریخی-فرهنگی، تفریحی
تور ارمنستان زمینی,اوراسیا,ارمنستان,قفقاز و آناتولی,null,null,تک مقصد,null,null,null,null,null,زمینی,null,null,null,null,بدون ویزا,تاریخی-فرهنگی، تفریحی
تور استانبول کریسمس 2026,اوراسیا,ترکیه,قفقاز و آناتولی,استانبول,null,تک مقصد,زمستان,null,کریسمس,null,null,هوایی، زمینی,null,null,null,null,بدون ویزا,تفریحی، خرید، تاریخی-فرهنگی
تور آنتالیا از اصفهان,اوراسیا,ترکیه,مدیترانه,آنتالیا,اصفهان,تک مقصد,null,null,null,null,null,هوایی,null,null,null,null,بدون ویزا,تفریحی، استراحت و ریلکسیشن
تور آنتالیا کریسمس 2026,اوراسیا,ترکیه,مدیترانه,آنتالیا,null,تک مقصد,زمستان,null,کریسمس,null,null,هوایی,null,null,null,null,بدون ویزا,تفریحی، استراحت و ریلکسیشن
تور زمستان 1405,null,null,null,null,null,null,زمستان,null,null,null,null,null,null,null,null,null,null,null
تور ترابزون,اوراسیا,ترکیه,قفقاز و آناتولی,ترابزون,null,تک مقصد,null,null,null,null,null,زمینی، هوایی,null,null,null,null,بدون ویزا,طبیعت‌گردی، تفریحی
تور استرالیا,اقیانوسیه,استرالیا,اقیانوسیه,null,null,تک مقصد,null,null,null,null,null,هوایی,null,null,null,null,نیازمند ویزا,طبیعت‌گردی، تفریحی
تور نمایشگاهی دبی,آسیا,امارات,خاورمیانه,دبی,null,تک مقصد,null,null,null,نمایشگاهی,تجاری,هوایی,null,null,null,null,نیازمند ویزا,تجاری
تور اسپانیا نوروز 1405,اروپا,اسپانیا,مدیترانه,null,null,تک مقصد,بهار,null,نوروز,null,null,هوایی,null,null,null,null,نیازمند ویزا,تاریخی-فرهنگی، تفریحی
تور آنتالیا نوروز 1405,اوراسیا,ترکیه,مدیترانه,آنتالیا,null,تک مقصد,بهار,null,نوروز,null,null,هوایی,null,null,null,null,بدون ویزا,تفریحی، استراحت و ریلکسیشن
تور لحظه آخری دبی,آسیا,امارات,خاورمیانه,دبی,null,تک مقصد,null,null,null,null,null,هوایی,null,null,لحظه آخری,null,نیازمند ویزا,تفریحی، خرید
تور مادرید,اروپا,اسپانیا,مدیترانه,مادرید,null,تک مقصد,null,null,null,null,null,هوایی,null,null,null,null,نیازمند ویزا,تاریخی-فرهنگی، تفریحی
تور دبی از مشهد,آسیا,امارات,خاورمیانه,دبی,مشهد,تک مقصد,null,null,null,null,null,هوایی,null,null,null,null,نیازمند ویزا,تفریحی، خرید
تور والنسیا,اروپا,اسپانیا,مدیترانه,والنسیا,null,تک مقصد,null,null,null,null,null,هوایی,null,null,null,null,نیازمند ویزا,تاریخی-فرهنگی، تفریحی
تور دبی از اصفهان,آسیا,امارات,خاورمیانه,دبی,اصفهان,تک مقصد,null,null,null,null,null,هوایی,null,null,null,null,نیازمند ویزا,تفریحی، خرید
تور قبرس,اروپا,قبرس,مدیترانه,null,null,تک مقصد,null,null,null,null,null,هوایی,null,null,null,null,نیازمند ویزا,تفریحی، استراحت و ریلکسیشن
تور سریلانکا از شیراز,آسیا,سریلانکا,جنوب آسیا,null,شیراز,تک مقصد,null,null,null,null,null,هوایی,null,null,null,null,نیازمند ویزا,طبیعت‌گردی، تفریحی، استراحت و ریلکسیشن
تور کوش آداسی,اوراسیا,ترکیه,مدیترانه,کوش آداسی,null,تک مقصد,null,null,null,null,null,هوایی,null,null,null,null,بدون ویزا,تفریحی، استراحت و ریلکسیشن
تور استانبول از مشهد,اوراسیا,ترکیه,قفقاز و آناتولی,استانبول,مشهد,تک مقصد,null,null,null,null,null,هوایی، زمینی,null,null,null,null,بدون ویزا,تفریحی، خرید، تاریخی-فرهنگی
تور ازبکستان,آسیا,ازبکستان,قفقاز و آناتولی,null,null,تک مقصد,null,null,null,null,null,هوایی,null,null,null,null,نیازمند ویزا,تاریخی-فرهنگی، تفریحی
تور شیراز فروردین 1405,آسیا,ایران,جنوب کشور,شیراز,null,تک مقصد,بهار,فروردین,null,null,null,هوایی، زمینی، ریلی,null,null,null,null,بدون ویزا,تاریخی-فرهنگی، تفریحی
تور اندونزی,آسیا,اندونزی,جنوب شرق آسیا,null,null,تک مقصد,null,null,null,null,null,هوایی,null,null,null,null,نیازمند ویزا,طبیعت‌گردی، تفریحی، استراحت و ریلکسیشن
تور آلانیا,اوراسیا,ترکیه,مدیترانه,آلانیا,null,تک مقصد,null,null,null,null,null,هوایی,null,null,null,null,بدون ویزا,تفریحی، استراحت و ریلکسیشن
تور باکو,اوراسیا,آذربایجان,قفقاز و آناتولی,باکو,null,تک مقصد,null,null,null,null,null,هوایی، زمینی,null,null,null,null,نیازمند ویزا,تاریخی-فرهنگی، تفریحی
تور امارات,آسیا,امارات,خاورمیانه,null,null,تک مقصد,null,null,null,null,null,هوایی,null,null,null,null,نیازمند ویزا,تفریحی، خرید
تور کره جنوبی نوروز 1405,آسیا,کره جنوبی,شرق آسیا,null,null,تک مقصد,بهار,null,نوروز,null,null,هوایی,null,null,null,null,نیازمند ویزا,تاریخی-فرهنگی، تفریحی
تور مارماریس,اوراسیا,ترکیه,مدیترانه,مارماریس,null,تک مقصد,null,null,null,null,null,هوایی,null,null,null,null,بدون ویزا,تفریحی، استراحت و ریلکسیشن
تور سریلانکا پاییز 1405,آسیا,سریلانکا,جنوب آسیا,null,null,تک مقصد,پاییز,null,null,null,null,هوایی,null,null,null,null,نیازمند ویزا,طبیعت‌گردی، تفریحی، استراحت و ریلکسیشن
تور ارمنستان اسفند ۱۴۰۴ و فروردین 1405,اوراسیا,ارمنستان,قفقاز و آناتولی,null,null,تک مقصد,زمستان، بهار,اسفند، فروردین,null,null,null,هوایی، زمینی,null,null,null,null,بدون ویزا,تاریخی-فرهنگی، تفریحی
تور ارمنستان زمستان ۱۴۰۴ و بهار ۱۴۰۵,اوراسیا,ارمنستان,قفقاز و آناتولی,null,null,تک مقصد,زمستان، بهار,null,null,null,null,هوایی، زمینی,null,null,null,null,بدون ویزا,تاریخی-فرهنگی، تفریحی
تور سریلانکا نوروز 1405,آسیا,سریلانکا,جنوب آسیا,null,null,تک مقصد,بهار,null,نوروز,null,null,هوایی,null,null,null,null,نیازمند ویزا,طبیعت‌گردی، تفریحی، استراحت و ریلکسیشن
تور دبی عید فطر 1405,آسیا,امارات,خاورمیانه,دبی,null,تک مقصد,null,null,عید فطر,null,null,هوایی,null,null,null,null,نیازمند ویزا,تفریحی، خرید
تور کیش از مشهد,آسیا,ایران,جنوب کشور,کیش,مشهد,تک مقصد,null,null,null,null,null,هوایی,null,null,null,null,بدون ویزا,تفریحی، استراحت و ریلکسیشن، خرید
تور کیش از اصفهان,آسیا,ایران,جنوب کشور,کیش,اصفهان,تک مقصد,null,null,null,null,null,هوایی,null,null,null,null,بدون ویزا,تفریحی، استراحت و ریلکسیشن، خرید
تور ترکیه,اوراسیا,ترکیه,قفقاز و آناتولی,null,null,تک مقصد,null,null,null,null,null,هوایی، زمینی,null,null,null,null,بدون ویزا,تفریحی، تاریخی-فرهنگی
تور بالی,آسیا,اندونزی,جنوب شرق آسیا,بالی,null,تک مقصد,null,null,null,null,null,هوایی,null,null,null,null,نیازمند ویزا,استراحت و ریلکسیشن، تفریحی
تور کره جنوبی,آسیا,کره جنوبی,شرق آسیا,null,null,تک مقصد,null,null,null,null,null,هوایی,null,null,null,null,نیازمند ویزا,تاریخی-فرهنگی، تفریحی
تور اروپا,اروپا,null,اروپا,null,null,ترکیبی,null,null,null,null,null,هوایی,null,null,null,null,نیازمند ویزا,تاریخی-فرهنگی، تفریحی
تور ترکیبی کره جنوبی و ژاپن,آسیا,کره جنوبی، ژاپن,شرق آسیا,null,null,ترکیبی,null,null,null,null,null,هوایی,null,null,null,null,نیازمند ویزا,تاریخی-فرهنگی، تفریحی
تور اروپا از مشهد,اروپا,null,اروپا,null,مشهد,ترکیبی,null,null,null,null,null,هوایی,null,null,null,null,نیازمند ویزا,تاریخی-فرهنگی، تفریحی
تور فتحیه,اوراسیا,ترکیه,مدیترانه,فتحیه,null,تک مقصد,null,null,null,null,null,هوایی,null,null,null,null,بدون ویزا,تفریحی، استراحت و ریلکسیشن
تور یزد نوروز 1405,آسیا,ایران,غرب کشور,یزد,null,تک مقصد,بهار,null,نوروز,null,null,هوایی، زمینی، ریلی,null,null,null,null,بدون ویزا,تاریخی-فرهنگی، تفریحی
تور فنلاند,اروپا,فنلاند,اسکاندیناوی,null,null,تک مقصد,null,null,null,null,null,هوایی,null,null,null,null,نیازمند ویزا,تاریخی-فرهنگی، طبیعت‌گردی
تور اروپا از شیراز,اروپا,null,اروپا,null,شیراز,ترکیبی,null,null,null,null,null,هوایی,null,null,null,null,نیازمند ویزا,تاریخی-فرهنگی، تفریحی
تور داخلی,ایران,ایران,null,null,null,null,null,null,null,null,null,هوایی، زمینی، ریلی,null,null,null,null,بدون ویزا,تفریحی
تور اربعین کربلا,آسیا,عراق,خاورمیانه,کربلا,null,تک مقصد,null,null,اربعین,null,زیارتی,هوایی، زمینی,null,null,null,null,بدون ویزا,زیارتی
تور استانبول خرداد 1405,اوراسیا,ترکیه,قفقاز و آناتولی,استانبول,null,تک مقصد,بهار,خرداد,null,null,null,هوایی، زمینی,null,null,null,null,بدون ویزا,تفریحی، خرید، تاریخی-فرهنگی
تور آنتالیا مرداد 1405,اوراسیا,ترکیه,مدیترانه,آنتالیا,null,تک مقصد,تابستان,مرداد,null,null,null,هوایی,null,null,null,null,بدون ویزا,تفریحی، استراحت و ریلکسیشن
تور ارزان کربلا,آسیا,عراق,خاورمیانه,کربلا,null,تک مقصد,null,null,null,null,زیارتی,هوایی، زمینی,null,null,ارزان,null,بدون ویزا,زیارتی
تور بندر انزلی,آسیا,ایران,شمال کشور,بندر انزلی,null,تک مقصد,null,null,null,null,null,هوایی، زمینی,null,null,null,null,بدون ویزا,تفریحی، طبیعت‌گردی
تور ارمنستان تابستان 1405,اوراسیا,ارمنستان,قفقاز و آناتولی,null,null,تک مقصد,تابستان,null,null,null,null,هوایی، زمینی,null,null,null,null,بدون ویزا,تاریخی-فرهنگی، تفریحی
تور اسپانیا,اروپا,اسپانیا,مدیترانه,null,null,تک مقصد,null,null,null,null,null,هوایی,null,null,null,null,نیازمند ویزا,تاریخی-فرهنگی، تفریحی
تور ارمنستان مرداد 1405,اوراسیا,ارمنستان,قفقاز و آناتولی,null,null,تک مقصد,تابستان,مرداد,null,null,null,هوایی، زمینی,null,null,null,null,بدون ویزا,تاریخی-فرهنگی، تفریحی
تور اروپا پاییز 1405,اروپا,null,اروپا,null,null,ترکیبی,پاییز,null,null,null,null,هوایی,null,null,null,null,نیازمند ویزا,تاریخی-فرهنگی، تفریحی
تور ارمنستان نوروز 1405,اوراسیا,ارمنستان,قفقاز و آناتولی,null,null,تک مقصد,بهار,null,نوروز,null,null,هوایی، زمینی,null,null,null,null,بدون ویزا,تاریخی-فرهنگی، تفریحی
تور استانبول اسفند 1405,اوراسیا,ترکیه,قفقاز و آناتولی,استانبول,null,تک مقصد,زمستان,اسفند,null,null,null,هوایی، زمینی,null,null,null,null,بدون ویزا,تفریحی، خرید، تاریخی-فرهنگی
تور پوکت زمستان 1405,آسیا,تایلند,جنوب شرق آسیا,پوکت,null,تک مقصد,زمستان,null,null,null,null,هوایی,null,null,null,null,نیازمند ویزا,استراحت و ریلکسیشن، تفریحی
تور ایتالیا,اروپا,ایتالیا,مدیترانه,null,null,تک مقصد,null,null,null,null,null,هوایی,null,null,null,null,نیازمند ویزا,تاریخی-فرهنگی، تفریحی
تور پاتایا,آسیا,تایلند,جنوب شرق آسیا,پاتایا,null,تک مقصد,null,null,null,null,null,هوایی,null,null,null,null,نیازمند ویزا,تفریحی، استراحت و ریلکسیشن
تور تایلند نوروز 1405,آسیا,تایلند,جنوب شرق آسیا,null,null,تک مقصد,بهار,null,نوروز,null,null,هوایی,null,null,null,null,نیازمند ویزا,طبیعت‌گردی، تفریحی، استراحت و ریلکسیشن
تور پاریس,اروپا,فرانسه,اروپای غربی,پاریس,null,تک مقصد,null,null,null,null,null,هوایی,null,null,null,null,نیازمند ویزا,تاریخی-فرهنگی، تفریحی
تور تایلند,آسیا,تایلند,جنوب شرق آسیا,null,null,تک مقصد,null,null,null,null,null,هوایی,null,null,null,null,نیازمند ویزا,طبیعت‌گردی، تفریحی، استراحت و ریلکسیشن
تور تاجیکستان,آسیا,تاجیکستان,قفقاز و آناتولی,null,null,تک مقصد,null,null,null,null,null,هوایی,null,null,null,null,بدون ویزا,تاریخی-فرهنگی، طبیعت‌گردی
تور تاجیکستان نوروز 1405,آسیا,تاجیکستان,قفقاز و آناتولی,null,null,تک مقصد,بهار,null,نوروز,null,null,هوایی,null,null,null,null,بدون ویزا,تاریخی-فرهنگی، طبیعت‌گردی
تور اسفند ۱۴۰۵,null,null,null,null,null,null,زمستان,اسفند,null,null,null,null,null,null,null,null,null,null
تور چین پاییز 1405,آسیا,چین,شرق آسیا,null,null,تک مقصد,پاییز,null,null,null,null,هوایی,null,null,null,null,نیازمند ویزا,تاریخی-فرهنگی، تفریحی، تجاری
تور سنگاپور,آسیا,سنگاپور,جنوب شرق آسیا,سنگاپور,null,تک مقصد,null,null,null,null,null,هوایی,null,null,null,null,نیازمند ویزا,تفریحی، خرید
تور ژاپن,آسیا,ژاپن,شرق آسیا,null,null,تک مقصد,null,null,null,null,null,هوایی,null,null,null,null,نیازمند ویزا,تاریخی-فرهنگی، تفریحی
تور سنت پترزبورگ,اوراسیا,روسیه,اروپای مرکزی و شرقی,سنت پترزبورگ,null,تک مقصد,null,null,null,null,null,هوایی,null,null,null,null,نیازمند ویزا,تاریخی-فرهنگی، تفریحی
تور سوئیس,اروپا,سوئیس,اروپای غربی,null,null,تک مقصد,null,null,null,null,null,هوایی,null,null,null,null,نیازمند ویزا,طبیعت‌گردی، تاریخی-فرهنگی، تفریحی
تور دبی از شیراز,آسیا,امارات,خاورمیانه,دبی,شیراز,تک مقصد,null,null,null,null,null,هوایی,null,null,null,null,نیازمند ویزا,تفریحی، خرید
تور روسیه شهریور 1405,اوراسیا,روسیه,اروپای مرکزی و شرقی,null,null,تک مقصد,تابستان,شهریور,null,null,null,هوایی,null,null,null,null,نیازمند ویزا,تاریخی-فرهنگی، تفریحی
تور چین,آسیا,چین,شرق آسیا,null,null,تک مقصد,null,null,null,null,null,هوایی,null,null,null,null,نیازمند ویزا,تاریخی-فرهنگی، تفریحی، تجاری
تور دبی,آسیا,امارات,خاورمیانه,دبی,null,تک مقصد,null,null,null,null,null,هوایی,null,null,null,null,نیازمند ویزا,تفریحی، خرید
تور سریلانکا,آسیا,سریلانکا,جنوب آسیا,null,null,تک مقصد,null,null,null,null,null,هوایی,null,null,null,null,نیازمند ویزا,طبیعت‌گردی، تفریحی، استراحت و ریلکسیشن
تور فرانسه تابستان 1405,اروپا,فرانسه,اروپای غربی,null,null,تک مقصد,تابستان,null,null,null,null,هوایی,null,null,null,null,نیازمند ویزا,تاریخی-فرهنگی، تفریحی
تور فرانسه,اروپا,فرانسه,اروپای غربی,null,null,تک مقصد,null,null,null,null,null,هوایی,null,null,null,null,نیازمند ویزا,تاریخی-فرهنگی، تفریحی
تور قشم بهمن 1405,آسیا,ایران,جنوب کشور,قشم,null,تک مقصد,زمستان,بهمن,null,null,null,هوایی، زمینی، ریلی,null,null,null,null,بدون ویزا,طبیعت‌گردی، خرید، تفریحی
تور کربلا تاسوعا و عاشورا 1405,آسیا,عراق,خاورمیانه,کربلا,null,تک مقصد,null,null,تاسوعا و عاشورا,null,زیارتی,هوایی، زمینی,null,null,null,null,بدون ویزا,زیارتی
تور قشم شهریور 1405,آسیا,ایران,جنوب کشور,قشم,null,تک مقصد,تابستان,شهریور,null,null,null,هوایی، زمینی، ریلی,null,null,null,null,بدون ویزا,طبیعت‌گردی، خرید، تفریحی
تور کیش بهمن 1405,آسیا,ایران,جنوب کشور,کیش,null,تک مقصد,زمستان,بهمن,null,null,null,هوایی,null,null,null,null,بدون ویزا,تفریحی، استراحت و ریلکسیشن، خرید
تور قشم اسفند 1405,آسیا,ایران,جنوب کشور,قشم,null,تک مقصد,زمستان,اسفند,null,null,null,هوایی، زمینی، ریلی,null,null,null,null,بدون ویزا,طبیعت‌گردی، خرید، تفریحی
تور کربلا رمضان 1405,آسیا,عراق,خاورمیانه,کربلا,null,تک مقصد,null,null,رمضان,null,زیارتی,هوایی، زمینی,null,null,null,null,بدون ویزا,زیارتی
تور کربلا عرفه 1405,آسیا,عراق,خاورمیانه,کربلا,null,تک مقصد,null,null,عرفه,null,زیارتی,هوایی، زمینی,null,null,null,null,بدون ویزا,زیارتی
تور سوچی,اوراسیا,روسیه,اروپای مرکزی و شرقی,سوچی,null,تک مقصد,null,null,null,null,null,هوایی,null,null,null,null,نیازمند ویزا,استراحت و ریلکسیشن، تفریحی
تور کیش نوروز 1405,آسیا,ایران,جنوب کشور,کیش,null,تک مقصد,بهار,null,نوروز,null,null,هوایی,null,null,null,null,بدون ویزا,تفریحی، استراحت و ریلکسیشن، خرید
تور ماداگاسکار,آفریقا,ماداگاسکار,آفریقا,null,null,تک مقصد,null,null,null,null,null,هوایی,null,null,null,null,نیازمند ویزا,طبیعت‌گردی، ماجراجویی
تور مشهد نیمه شعبان ۱۴۰۵,آسیا,ایران,شرق کشور,مشهد,null,تک مقصد,null,null,نیمه شعبان,null,زیارتی,هوایی، زمینی، ریلی,null,null,null,null,بدون ویزا,زیارتی، تفریحی
تور مشهد مرداد 1405,آسیا,ایران,شرق کشور,مشهد,null,تک مقصد,تابستان,مرداد,null,null,زیارتی,هوایی، زمینی، ریلی,null,null,null,null,بدون ویزا,زیارتی، تفریحی
تور نمایشگاهی چین,آسیا,چین,شرق آسیا,null,null,تک مقصد,null,null,null,نمایشگاهی,تجاری,هوایی,null,null,null,null,نیازمند ویزا,تجاری
تور کیش فروردین 1405,آسیا,ایران,جنوب کشور,کیش,null,تک مقصد,بهار,فروردین,null,null,null,هوایی,null,null,null,null,بدون ویزا,تفریحی، استراحت و ریلکسیشن، خرید
تور کیش عید فطر 1405,آسیا,ایران,جنوب کشور,کیش,null,تک مقصد,null,null,عید فطر,null,null,هوایی,null,null,null,null,بدون ویزا,تفریحی، استراحت و ریلکسیشن، خرید
تور مشهد نوروز 1405,آسیا,ایران,شرق کشور,مشهد,null,تک مقصد,بهار,null,نوروز,null,زیارتی,هوایی، زمینی، ریلی,null,null,null,null,بدون ویزا,زیارتی، تفریحی
تور مشهد فروردین 1405,آسیا,ایران,شرق کشور,مشهد,null,تک مقصد,بهار,فروردین,null,null,زیارتی,هوایی، زمینی، ریلی,null,null,null,null,بدون ویزا,زیارتی، تفریحی
تور مشهد تابستان 1405,آسیا,ایران,شرق کشور,مشهد,null,تک مقصد,تابستان,null,null,null,زیارتی,هوایی، زمینی، ریلی,null,null,null,null,بدون ویزا,زیارتی، تفریحی
تورهای نمایشگاهی 1405,null,null,null,null,null,null,null,null,null,نمایشگاهی,تجاری,هوایی,null,null,null,null,null,تجاری
تور اروپا نوروز 1405,اروپا,null,اروپا,null,null,ترکیبی,بهار,null,نوروز,null,null,هوایی,null,null,null,null,نیازمند ویزا,تاریخی-فرهنگی، تفریحی
تور ترکیبی اروپا,اروپا,null,اروپا,null,null,ترکیبی,null,null,null,null,null,هوایی,null,null,null,null,نیازمند ویزا,تاریخی-فرهنگی، تفریحی
تور وان از تبریز,اوراسیا,ترکیه,قفقاز و آناتولی,وان,تبریز,تک مقصد,null,null,null,null,null,زمینی,null,null,null,null,بدون ویزا,خرید، تفریحی
تور وان تابستان 1405,اوراسیا,ترکیه,قفقاز و آناتولی,وان,null,تک مقصد,تابستان,null,null,null,null,زمینی، هوایی,null,null,null,null,بدون ویزا,خرید، تفریحی
تور چابهار,آسیا,ایران,جنوب کشور,چابهار,null,تک مقصد,null,null,null,null,null,هوایی,null,null,null,null,بدون ویزا,طبیعت‌گردی، تفریحی
تور مشهد اسفند 1405,آسیا,ایران,شرق کشور,مشهد,null,تک مقصد,زمستان,اسفند,null,null,زیارتی,هوایی، زمینی، ریلی,null,null,null,null,بدون ویزا,زیارتی، تفریحی
تورهای آسیایی,آسیا,null,جنوب شرق آسیا,null,null,ترکیبی,null,null,null,null,null,هوایی,null,null,null,null,null,تفریحی، تاریخی-فرهنگی
تور دور اروپا,اروپا,null,اروپا,null,null,ترکیبی,null,null,null,null,null,هوایی,null,null,null,null,نیازمند ویزا,تاریخی-فرهنگی، تفریحی
تورهای ارزان مشهد,آسیا,ایران,شرق کشور,مشهد,null,تک مقصد,null,null,null,null,زیارتی,هوایی، زمینی، ریلی,null,null,ارزان,null,بدون ویزا,زیارتی، تفریحی
تور برزیل نوروز 1405,آمریکا,برزیل,آمریکا,null,null,تک مقصد,بهار,null,نوروز,null,null,هوایی,null,null,null,null,نیازمند ویزا,طبیعت‌گردی، تفریحی
تور‌های نوروز ۱۴۰۵,null,null,null,null,null,null,بهار,null,نوروز,null,null,null,null,null,null,null,null,تفریحی
تور کانادا,آمریکا,کانادا,آمریکا,null,null,تک مقصد,null,null,null,null,null,هوایی,null,null,null,null,نیازمند ویزا,طبیعت‌گردی، تفریحی
تورهای کشتی کروز,null,null,null,null,null,ترکیبی,null,null,null,null,null,کروز,null,null,null,null,null,تفریحی، استراحت و ریلکسیشن
تورهای لوکس,null,null,null,null,null,null,null,null,null,null,null,هوایی,null,null,لوکس,null,null,تفریحی، استراحت و ریلکسیشن
تور استانبول نوروز 1405,اوراسیا,ترکیه,قفقاز و آناتولی,استانبول,null,تک مقصد,بهار,null,نوروز,null,null,هوایی، زمینی,null,null,null,null,بدون ویزا,تفریحی، خرید، تاریخی-فرهنگی
تور کلمبیا,آمریکا,کلمبیا,آمریکا,null,null,تک مقصد,null,null,null,null,null,هوایی,null,null,null,null,نیازمند ویزا,طبیعت‌گردی، تاریخی-فرهنگی
تور مکزیک,آمریکا,مکزیک,آمریکا,null,null,تک مقصد,null,null,null,null,null,هوایی,null,null,null,null,نیازمند ویزا,تاریخی-فرهنگی، تفریحی
تورهای لحظه آخری,null,null,null,null,null,null,null,null,null,null,null,هوایی، زمینی,null,null,لحظه آخری,null,null,تفریحی
تورهای هوایی,null,null,null,null,null,null,null,null,null,null,null,هوایی,null,null,null,null,null,تفریحی
تور آفریقای جنوبی نوروز 1405,آفریقا,آفریقای جنوبی,آفریقا,null,null,تک مقصد,بهار,null,نوروز,null,null,هوایی,null,null,null,null,نیازمند ویزا,طبیعت‌گردی، ماجراجویی
تور تونس,آفریقا,تونس,آفریقا,null,null,تک مقصد,null,null,null,null,null,هوایی,null,null,null,null,نیازمند ویزا,تاریخی-فرهنگی، تفریحی
تور آفریقای جنوبی,آفریقا,آفریقای جنوبی,آفریقا,null,null,تک مقصد,null,null,null,null,null,هوایی,null,null,null,null,نیازمند ویزا,طبیعت‌گردی، ماجراجویی
تور برزیل,آمریکا,برزیل,آمریکا,null,null,تک مقصد,null,null,null,null,null,هوایی,null,null,null,null,نیازمند ویزا,طبیعت‌گردی، تفریحی
تور کنیا نوروز 1405,آفریقا,کنیا,آفریقا,null,null,تک مقصد,بهار,null,نوروز,null,null,هوایی,null,null,null,null,نیازمند ویزا,طبیعت‌گردی، ماجراجویی
تور مصر,آفریقا,مصر,آفریقا,null,null,تک مقصد,null,null,null,null,null,هوایی,null,null,null,null,نیازمند ویزا,تاریخی-فرهنگی، تفریحی
تورهای قاره آمریکا,آمریکا,null,آمریکا,null,null,ترکیبی,null,null,null,null,null,هوایی,null,null,null,null,نیازمند ویزا,طبیعت‌گردی، تفریحی
تورهای قاره آفریقا,آفریقا,null,آفریقا,null,null,ترکیبی,null,null,null,null,null,هوایی,null,null,null,null,نیازمند ویزا,طبیعت‌گردی، ماجراجویی
تورهای ترکیبی,null,null,null,null,null,ترکیبی,null,null,null,null,null,هوایی,null,null,null,null,null,تفریحی، تاریخی-فرهنگی
تورهای زمینی,null,null,null,null,null,null,null,null,null,null,null,زمینی,null,null,null,null,null,تفریحی، طبیعت‌گردی
تور ویتنام,آسیا,ویتنام,جنوب شرق آسیا,null,null,تک مقصد,null,null,null,null,null,هوایی,null,null,null,null,نیازمند ویزا,طبیعت‌گردی، تاریخی-فرهنگی
تور هند تابستان 1405,آسیا,هند,جنوب شرق آسیا,null,null,تک مقصد,تابستان,null,null,null,null,هوایی,null,null,null,null,نیازمند ویزا,تاریخی-فرهنگی، تفریحی
تور هند دی 1405,آسیا,هند,جنوب شرق آسیا,null,null,تک مقصد,زمستان,دی,null,null,null,هوایی,null,null,null,null,نیازمند ویزا,تاریخی-فرهنگی، تفریحی
تور هند نوروز 1405,آسیا,هند,جنوب شرق آسیا,null,null,تک مقصد,بهار,null,نوروز,null,null,هوایی,null,null,null,null,نیازمند ویزا,تاریخی-فرهنگی، تفریحی
تور ویتنام تابستان 1405,آسیا,ویتنام,جنوب شرق آسیا,null,null,تک مقصد,تابستان,null,null,null,null,هوایی,null,null,null,null,نیازمند ویزا,طبیعت‌گردی، تاریخی-فرهنگی
تور هند از شیراز,آسیا,هند,جنوب شرق آسیا,null,شیراز,تک مقصد,null,null,null,null,null,هوایی,null,null,null,null,نیازمند ویزا,تاریخی-فرهنگی، تفریحی
تورهای آسیای شرقی,آسیا,null,شرق آسیا,null,null,ترکیبی,null,null,null,null,null,هوایی,null,null,null,null,نیازمند ویزا,تاریخی-فرهنگی، تفریحی
تور هند از مشهد,آسیا,هند,جنوب شرق آسیا,null,مشهد,تک مقصد,null,null,null,null,null,هوایی,null,null,null,null,نیازمند ویزا,تاریخی-فرهنگی، تفریحی
تور هند زمستان 1405,آسیا,هند,جنوب شرق آسیا,null,null,تک مقصد,زمستان,null,null,null,null,هوایی,null,null,null,null,نیازمند ویزا,تاریخی-فرهنگی، تفریحی
تورهای ارزان,null,null,null,null,null,null,null,null,null,null,null,هوایی، زمینی,null,null,ارزان,null,null,تفریحی
تور گوا دی 1405,آسیا,هند,جنوب شرق آسیا,گوا,null,تک مقصد,زمستان,دی,null,null,null,هوایی,null,null,null,null,نیازمند ویزا,استراحت و ریلکسیشن، تفریحی
تور هند بهار 1405,آسیا,هند,جنوب شرق آسیا,null,null,تک مقصد,بهار,null,null,null,null,هوایی,null,null,null,null,نیازمند ویزا,تاریخی-فرهنگی، تفریحی
تور هند آبان 1405,آسیا,هند,جنوب شرق آسیا,null,null,تک مقصد,پاییز,آبان,null,null,null,هوایی,null,null,null,null,نیازمند ویزا,تاریخی-فرهنگی، تفریحی
تور هند آذر 1405,آسیا,هند,جنوب شرق آسیا,null,null,تک مقصد,پاییز,آذر,null,null,null,هوایی,null,null,null,null,نیازمند ویزا,تاریخی-فرهنگی، تفریحی
تور گوا آذر 1405,آسیا,هند,جنوب شرق آسیا,گوا,null,تک مقصد,پاییز,آذر,null,null,null,هوایی,null,null,null,null,نیازمند ویزا,استراحت و ریلکسیشن، تفریحی
تور هند پاییز 1405,آسیا,هند,جنوب شرق آسیا,null,null,تک مقصد,پاییز,null,null,null,null,هوایی,null,null,null,null,نیازمند ویزا,تاریخی-فرهنگی، تفریحی
تور هند مهر 1405,آسیا,هند,جنوب شرق آسیا,null,null,تک مقصد,پاییز,مهر,null,null,null,هوایی,null,null,null,null,نیازمند ویزا,تاریخی-فرهنگی، تفریحی
تور گوا زمستان 1405,آسیا,هند,جنوب شرق آسیا,گوا,null,تک مقصد,زمستان,null,null,null,null,هوایی,null,null,null,null,نیازمند ویزا,استراحت و ریلکسیشن، تفریحی
تور مثلث طلایی هند,آسیا,هند,جنوب شرق آسیا,مثلث طلایی,null,ترکیبی,null,null,null,null,null,هوایی,null,null,null,null,نیازمند ویزا,تاریخی-فرهنگی، تفریحی
تور گوا مهر 1405,آسیا,هند,جنوب شرق آسیا,گوا,null,تک مقصد,پاییز,مهر,null,null,null,هوایی,null,null,null,null,نیازمند ویزا,استراحت و ریلکسیشن، تفریحی
تور بمبئی,آسیا,هند,جنوب شرق آسیا,بمبئی,null,تک مقصد,null,null,null,null,null,هوایی,null,null,null,null,نیازمند ویزا,تاریخی-فرهنگی، تفریحی
تور مالزی دی 1405,آسیا,مالزی,جنوب شرق آسیا,null,null,تک مقصد,زمستان,دی,null,null,null,هوایی,null,null,null,null,بدون ویزا,طبیعت‌گردی، تفریحی
تور مالزی از شیراز,آسیا,مالزی,جنوب شرق آسیا,null,شیراز,تک مقصد,null,null,null,null,null,هوایی,null,null,null,null,بدون ویزا,طبیعت‌گردی، تفریحی
تور مالزی مهر 1405,آسیا,مالزی,جنوب شرق آسیا,null,null,تک مقصد,پاییز,مهر,null,null,null,هوایی,null,null,null,null,بدون ویزا,طبیعت‌گردی، تفریحی
تور مالزی از مشهد,آسیا,مالزی,جنوب شرق آسیا,null,مشهد,تک مقصد,null,null,null,null,null,هوایی,null,null,null,null,بدون ویزا,طبیعت‌گردی، تفریحی
تور مالزی تابستان 1405,آسیا,مالزی,جنوب شرق آسیا,null,null,تک مقصد,تابستان,null,null,null,null,هوایی,null,null,null,null,بدون ویزا,طبیعت‌گردی، تفریحی
تور گوا پاییز 1405,آسیا,هند,جنوب شرق آسیا,گوا,null,تک مقصد,پاییز,null,null,null,null,هوایی,null,null,null,null,نیازمند ویزا,استراحت و ریلکسیشن، تفریحی
تور مالزی نوروز 1405,آسیا,مالزی,جنوب شرق آسیا,null,null,تک مقصد,بهار,null,نوروز,null,null,هوایی,null,null,null,null,بدون ویزا,طبیعت‌گردی، تفریحی
تور مالزی بهار 1405,آسیا,مالزی,جنوب شرق آسیا,null,null,تک مقصد,بهار,null,null,null,null,هوایی,null,null,null,null,بدون ویزا,طبیعت‌گردی، تفریحی
تور مالزی زمستان 1405,آسیا,مالزی,جنوب شرق آسیا,null,null,تک مقصد,زمستان,null,null,null,null,هوایی,null,null,null,null,بدون ویزا,طبیعت‌گردی، تفریحی
تور مالدیو دی 1405,آسیا,مالدیو,جنوب آسیا,null,null,تک مقصد,زمستان,دی,null,null,null,هوایی,null,null,null,null,نیازمند ویزا,استراحت و ریلکسیشن، تفریحی
تور مالدیو پاییز 1405,آسیا,مالدیو,جنوب آسیا,null,null,تک مقصد,پاییز,null,null,null,null,هوایی,null,null,null,null,نیازمند ویزا,استراحت و ریلکسیشن، تفریحی
تور مالزی پاییز 1405,آسیا,مالزی,جنوب شرق آسیا,null,null,تک مقصد,پاییز,null,null,null,null,هوایی,null,null,null,null,بدون ویزا,طبیعت‌گردی، تفریحی
تور مالزی آبان 1405,آسیا,مالزی,جنوب شرق آسیا,null,null,تک مقصد,پاییز,آبان,null,null,null,هوایی,null,null,null,null,بدون ویزا,طبیعت‌گردی، تفریحی
تور کوالالامپور نوروز 1405,آسیا,مالزی,جنوب شرق آسیا,کوالالامپور,null,تک مقصد,بهار,null,نوروز,null,null,هوایی,null,null,null,null,بدون ویزا,تفریحی، خرید، تاریخی-فرهنگی
تور مالزی عید فطر 1405,آسیا,مالزی,جنوب شرق آسیا,null,null,تک مقصد,null,null,عید فطر,null,null,هوایی,null,null,null,null,بدون ویزا,طبیعت‌گردی، تفریحی
تور مالزی آذر 1405,آسیا,مالزی,جنوب شرق آسیا,null,null,تک مقصد,پاییز,آذر,null,null,null,هوایی,null,null,null,null,بدون ویزا,طبیعت‌گردی، تفریحی
تور مالدیو زمستان 1405,آسیا,مالدیو,جنوب آسیا,null,null,تک مقصد,زمستان,null,null,null,null,هوایی,null,null,null,null,نیازمند ویزا,استراحت و ریلکسیشن، تفریحی
تور مالدیو نوروز 1405,آسیا,مالدیو,جنوب آسیا,null,null,تک مقصد,بهار,null,نوروز,null,null,هوایی,null,null,null,null,نیازمند ویزا,استراحت و ریلکسیشن، تفریحی
تور کوالالامپور,آسیا,مالزی,جنوب شرق آسیا,کوالالامپور,null,تک مقصد,null,null,null,null,null,هوایی,null,null,null,null,بدون ویزا,تفریحی، خرید، تاریخی-فرهنگی
تور گرجستان زمستان 1405,اوراسیا,گرجستان,قفقاز و آناتولی,null,null,تک مقصد,زمستان,null,null,null,null,هوایی، زمینی,null,null,null,null,بدون ویزا,تاریخی-فرهنگی، تفریحی
تور گرجستان آبان 1405,اوراسیا,گرجستان,قفقاز و آناتولی,null,null,تک مقصد,پاییز,آبان,null,null,null,هوایی، زمینی,null,null,null,null,بدون ویزا,تاریخی-فرهنگی، تفریحی
تور گرجستان تابستان 1405,اوراسیا,گرجستان,قفقاز و آناتولی,null,null,تک مقصد,تابستان,null,null,null,null,هوایی، زمینی,null,null,null,null,بدون ویزا,تاریخی-فرهنگی، تفریحی
تور لبنان,آسیا,لبنان,خاورمیانه,null,null,تک مقصد,null,null,null,null,null,هوایی,null,null,null,null,نیازمند ویزا,تاریخی-فرهنگی، تفریحی
تور گرجستان ارزان,اوراسیا,گرجستان,قفقاز و آناتولی,null,null,تک مقصد,null,null,null,null,null,هوایی، زمینی,null,null,ارزان,null,بدون ویزا,تاریخی-فرهنگی، تفریحی
تور تفلیس نوروز 1405,اوراسیا,گرجستان,قفقاز و آناتولی,تفلیس,null,تک مقصد,بهار,null,نوروز,null,null,هوایی، زمینی,null,null,null,null,بدون ویزا,تاریخی-فرهنگی، تفریحی
تور مالدیو,آسیا,مالدیو,جنوب آسیا,null,null,تک مقصد,null,null,null,null,null,هوایی,null,null,null,null,نیازمند ویزا,استراحت و ریلکسیشن، تفریحی
تور گرجستان نوروز 1405,اوراسیا,گرجستان,قفقاز و آناتولی,null,null,تک مقصد,بهار,null,نوروز,null,null,هوایی، زمینی,null,null,null,null,بدون ویزا,تاریخی-فرهنگی، تفریحی
تور تفلیس باتومی,اوراسیا,گرجستان,قفقاز و آناتولی,تفلیس، باتومی,null,ترکیبی,null,null,null,null,null,هوایی، زمینی,null,null,null,null,بدون ویزا,تاریخی-فرهنگی، تفریحی
تور گرجستان پاییز 1405,اوراسیا,گرجستان,قفقاز و آناتولی,null,null,تک مقصد,پاییز,null,null,null,null,هوایی، زمینی,null,null,null,null,بدون ویزا,تاریخی-فرهنگی، تفریحی
تور جام جهانی بدون بلیط برای دارندگان بلیط,null,null,null,null,null,null,null,null,null,جام جهانی,null,هوایی,null,null,null,null,null,رویداد ورزشی
تور آنتالیا زمستان 1405,اوراسیا,ترکیه,مدیترانه,آنتالیا,null,تک مقصد,زمستان,null,null,null,null,هوایی,null,null,null,null,بدون ویزا,تفریحی، استراحت و ریلکسیشن
تور باتومی,اوراسیا,گرجستان,قفقاز و آناتولی,باتومی,null,تک مقصد,null,null,null,null,null,هوایی، زمینی,null,null,null,null,بدون ویزا,تفریحی، استراحت و ریلکسیشن
تور کابل افغانستان,آسیا,افغانستان,قفقاز و آناتولی,کابل,null,تک مقصد,null,null,null,null,null,هوایی، زمینی,null,null,null,null,نیازمند ویزا,تاریخی-فرهنگی
تور گرجستان,اوراسیا,گرجستان,قفقاز و آناتولی,null,null,تک مقصد,null,null,null,null,null,هوایی، زمینی,null,null,null,null,بدون ویزا,تاریخی-فرهنگی، تفریحی
تور باتومی نوروز 1405,اوراسیا,گرجستان,قفقاز و آناتولی,باتومی,null,تک مقصد,بهار,null,نوروز,null,null,هوایی، زمینی,null,null,null,null,بدون ویزا,تفریحی، استراحت و ریلکسیشن
تور آنتالیا بهار 1405,اوراسیا,ترکیه,مدیترانه,آنتالیا,null,تک مقصد,بهار,null,null,null,null,هوایی,null,null,null,null,بدون ویزا,تفریحی، استراحت و ریلکسیشن
تور تفلیس,اوراسیا,گرجستان,قفقاز و آناتولی,تفلیس,null,تک مقصد,null,null,null,null,null,هوایی، زمینی,null,null,null,null,بدون ویزا,تاریخی-فرهنگی، تفریحی
تور مشهد,آسیا,ایران,شرق کشور,مشهد,null,تک مقصد,null,null,null,null,زیارتی,هوایی، زمینی، ریلی,null,null,null,null,بدون ویزا,زیارتی، تفریحی
تورهای مشهد با قطار,آسیا,ایران,شرق کشور,مشهد,null,تک مقصد,null,null,null,null,زیارتی,ریلی,null,null,null,null,بدون ویزا,زیارتی، تفریحی
تور وان,اوراسیا,ترکیه,قفقاز و آناتولی,وان,null,تک مقصد,null,null,null,null,null,زمینی، هوایی,null,null,null,null,بدون ویزا,خرید، تفریحی
تور آنکارا با قطار,اوراسیا,ترکیه,قفقاز و آناتولی,آنکارا,null,تک مقصد,null,null,null,null,null,ریلی,null,null,null,null,بدون ویزا,تاریخی-فرهنگی، تفریحی
تور ازمیر,اوراسیا,ترکیه,مدیترانه,ازمیر,null,تک مقصد,null,null,null,null,null,هوایی,null,null,null,null,بدون ویزا,تفریحی، تاریخی-فرهنگی
تور آنکارا,اوراسیا,ترکیه,قفقاز و آناتولی,آنکارا,null,تک مقصد,null,null,null,null,null,هوایی، زمینی,null,null,null,null,بدون ویزا,تاریخی-فرهنگی، تفریحی
تور آنتالیا فروردین 1405,اوراسیا,ترکیه,مدیترانه,آنتالیا,null,تک مقصد,بهار,فروردین,null,null,null,هوایی,null,null,null,null,بدون ویزا,تفریحی، استراحت و ریلکسیشن
تور قطر,آسیا,قطر,خاورمیانه,null,null,تک مقصد,null,null,null,null,null,هوایی,null,null,null,null,نیازمند ویزا,تفریحی، خرید
تور کربلا,آسیا,عراق,خاورمیانه,کربلا,null,تک مقصد,null,null,null,null,زیارتی,هوایی، زمینی,null,null,null,null,بدون ویزا,زیارتی
تور لاهور پاکستان,آسیا,پاکستان,جنوب آسیا,لاهور,null,تک مقصد,null,null,null,null,null,هوایی، زمینی,null,null,null,null,نیازمند ویزا,تاریخی-فرهنگی
تور آنتالیا اسفند 1405,اوراسیا,ترکیه,مدیترانه,آنتالیا,null,تک مقصد,زمستان,اسفند,null,null,null,هوایی,null,null,null,null,بدون ویزا,تفریحی، استراحت و ریلکسیشن
تور استانبول,اوراسیا,ترکیه,قفقاز و آناتولی,استانبول,null,تک مقصد,null,null,null,null,null,هوایی، زمینی,null,null,null,null,بدون ویزا,تفریحی، خرید، تاریخی-فرهنگی
تور آذربایجان,اوراسیا,آذربایجان,قفقاز و آناتولی,null,null,تک مقصد,null,null,null,null,null,هوایی، زمینی,null,null,null,null,نیازمند ویزا,تاریخی-فرهنگی، تفریحی
تور استانبول آبان 1405,اوراسیا,ترکیه,قفقاز و آناتولی,استانبول,null,تک مقصد,پاییز,آبان,null,null,null,هوایی، زمینی,null,null,null,null,بدون ویزا,تفریحی، خرید، تاریخی-فرهنگی
تور استانبول پاییز 1405,اوراسیا,ترکیه,قفقاز و آناتولی,استانبول,null,تک مقصد,پاییز,null,null,null,null,هوایی، زمینی,null,null,null,null,بدون ویزا,تفریحی، خرید، تاریخی-فرهنگی
تور استانبول مهر 1405,اوراسیا,ترکیه,قفقاز و آناتولی,استانبول,null,تک مقصد,پاییز,مهر,null,null,null,هوایی، زمینی,null,null,null,null,بدون ویزا,تفریحی، خرید، تاریخی-فرهنگی
تور ازمیر پاییز 1405,اوراسیا,ترکیه,مدیترانه,ازمیر,null,تک مقصد,پاییز,null,null,null,null,هوایی,null,null,null,null,بدون ویزا,تفریحی، تاریخی-فرهنگی
تورهای هوایی شیراز,آسیا,ایران,جنوب کشور,شیراز,null,تک مقصد,null,null,null,null,null,هوایی,null,null,null,null,بدون ویزا,تاریخی-فرهنگی، تفریحی
تور ارمنستان,اوراسیا,ارمنستان,قفقاز و آناتولی,null,null,تک مقصد,null,null,null,null,null,هوایی، زمینی,null,null,null,null,بدون ویزا,تاریخی-فرهنگی، تفریحی
تور ارزان استانبول,اوراسیا,ترکیه,قفقاز و آناتولی,استانبول,null,تک مقصد,null,null,null,null,null,هوایی، زمینی,null,null,ارزان,null,بدون ویزا,تفریحی، خرید، تاریخی-فرهنگی
تور استانبول بهار 1405,اوراسیا,ترکیه,قفقاز و آناتولی,استانبول,null,تک مقصد,بهار,null,null,null,null,هوایی، زمینی,null,null,null,null,بدون ویزا,تفریحی، خرید، تاریخی-فرهنگی
تور استانبول آذر 1405,اوراسیا,ترکیه,قفقاز و آناتولی,استانبول,null,تک مقصد,پاییز,آذر,null,null,null,هوایی، زمینی,null,null,null,null,بدون ویزا,تفریحی، خرید، تاریخی-فرهنگی
تور شانگهای,آسیا,چین,شرق آسیا,شانگهای,null,تک مقصد,null,null,null,null,null,هوایی,null,null,null,null,نیازمند ویزا,تجاری، تفریحی، خرید
تور تبریز,آسیا,ایران,شمال کشور,تبریز,null,تک مقصد,null,null,null,null,null,هوایی، زمینی، ریلی,null,null,null,null,بدون ویزا,تاریخی-فرهنگی، تفریحی
تور یزد با قطار,آسیا,ایران,غرب کشور,یزد,null,تک مقصد,null,null,null,null,null,ریلی,null,null,null,null,بدون ویزا,تاریخی-فرهنگی، تفریحی
تور مسکو,اوراسیا,روسیه,اروپای مرکزی و شرقی,مسکو,null,تک مقصد,null,null,null,null,null,هوایی,null,null,null,null,نیازمند ویزا,تاریخی-فرهنگی، تفریحی
تور پکن,آسیا,چین,شرق آسیا,پکن,null,تک مقصد,null,null,null,null,null,هوایی,null,null,null,null,نیازمند ویزا,تاریخی-فرهنگی، تفریحی
تور پوکت,آسیا,تایلند,جنوب شرق آسیا,پوکت,null,تک مقصد,null,null,null,null,null,هوایی,null,null,null,null,نیازمند ویزا,استراحت و ریلکسیشن، تفریحی
تور یزد,آسیا,ایران,غرب کشور,یزد,null,تک مقصد,null,null,null,null,null,هوایی، زمینی، ریلی,null,null,null,null,بدون ویزا,تاریخی-فرهنگی، تفریحی
تور شیراز,آسیا,ایران,جنوب کشور,شیراز,null,تک مقصد,null,null,null,null,null,هوایی، زمینی، ریلی,null,null,null,null,بدون ویزا,تاریخی-فرهنگی، تفریحی
تور قشم,آسیا,ایران,جنوب کشور,قشم,null,تک مقصد,null,null,null,null,null,هوایی، زمینی، ریلی,null,null,null,null,بدون ویزا,طبیعت‌گردی، خرید، تفریحی
تور بانکوک,آسیا,تایلند,جنوب شرق آسیا,بانکوک,null,تک مقصد,null,null,null,null,null,هوایی,null,null,null,null,نیازمند ویزا,تفریحی، خرید
تور اربیل,آسیا,عراق,خاورمیانه,اربیل,null,تک مقصد,null,null,null,null,null,هوایی، زمینی,null,null,null,null,بدون ویزا,تجاری، تفریحی
تور عمان,آسیا,عمان,خاورمیانه,null,null,تک مقصد,null,null,null,null,null,هوایی,null,null,null,null,بدون ویزا,تفریحی، استراحت و ریلکسیشن
تور مشهد با قطار فدک,آسیا,ایران,شرق کشور,مشهد,null,تک مقصد,null,null,null,null,زیارتی,ریلی,null,null,null,null,بدون ویزا,زیارتی، تفریحی
تور عراق,آسیا,عراق,خاورمیانه,null,null,تک مقصد,null,null,null,null,زیارتی,هوایی، زمینی,null,null,null,null,بدون ویزا,زیارتی
تور هند,آسیا,هند,جنوب آسیا,null,null,تک مقصد,null,null,null,null,null,هوایی,null,null,null,null,نیازمند ویزا,تاریخی-فرهنگی، تفریحی
تور مشهد خرداد 1405,آسیا,ایران,شرق کشور,مشهد,null,تک مقصد,بهار,خرداد,null,null,زیارتی,هوایی، زمینی، ریلی,null,null,null,null,بدون ویزا,زیارتی، تفریحی
تور زمینی کربلا,آسیا,عراق,خاورمیانه,کربلا,null,تک مقصد,null,null,null,null,زیارتی,زمینی,null,null,null,null,بدون ویزا,زیارتی
تور مشهد هتل نزدیک حرم,آسیا,ایران,شرق کشور,مشهد,null,تک مقصد,null,null,null,null,زیارتی,هوایی، زمینی، ریلی,null,null,null,null,بدون ویزا,زیارتی، تفریحی
تور اصفهان از مشهد,آسیا,ایران,غرب کشور,اصفهان,مشهد,تک مقصد,null,null,null,null,null,هوایی، زمینی، ریلی,null,null,null,null,بدون ویزا,تاریخی-فرهنگی، تفریحی
لوکس‌ترین تورهای مشهد,آسیا,ایران,شرق کشور,مشهد,null,تک مقصد,null,null,null,null,زیارتی,هوایی، زمینی، ریلی,null,null,لوکس,null,بدون ویزا,زیارتی، تفریحی
تور مشهد هتل درویشی,آسیا,ایران,شرق کشور,مشهد,null,تک مقصد,null,null,null,null,زیارتی,هوایی، زمینی، ریلی,هتل درویشی,null,null,null,بدون ویزا,زیارتی، تفریحی
تور استانبول زمینی,اوراسیا,ترکیه,قفقاز و آناتولی,استانبول,null,تک مقصد,null,null,null,null,null,زمینی,null,null,null,null,بدون ویزا,تفریحی، خرید، تاریخی-فرهنگی
تور مشهد هتل قصر طلایی,آسیا,ایران,شرق کشور,مشهد,null,تک مقصد,null,null,null,null,زیارتی,هوایی، زمینی، ریلی,هتل قصر طلایی,null,null,null,بدون ویزا,زیارتی، تفریحی
تور مشهد با قطار 6 تخته,آسیا,ایران,شرق کشور,مشهد,null,تک مقصد,null,null,null,null,زیارتی,ریلی,null,null,null,null,بدون ویزا,زیارتی، تفریحی
تور مشهد با قطار زندگی,آسیا,ایران,شرق کشور,مشهد,null,تک مقصد,null,null,null,null,زیارتی,ریلی,null,null,null,null,بدون ویزا,زیارتی، تفریحی
تور مشهد هتل مدینه‌الرضا,آسیا,ایران,شرق کشور,مشهد,null,تک مقصد,null,null,null,null,زیارتی,هوایی، زمینی، ریلی,هتل مدینه‌الرضا,null,null,null,بدون ویزا,زیارتی، تفریحی
تور مشهد از اصفهان,آسیا,ایران,شرق کشور,مشهد,اصفهان,تک مقصد,null,null,null,null,زیارتی,هوایی، زمینی، ریلی,null,null,null,null,بدون ویزا,زیارتی، تفریحی
تور آنتالیا,اوراسیا,ترکیه,مدیترانه,آنتالیا,null,تک مقصد,null,null,null,null,null,هوایی,null,null,null,null,بدون ویزا,تفریحی، استراحت و ریلکسیشن
تور مشهد بهار 1405,آسیا,ایران,شرق کشور,مشهد,null,تک مقصد,بهار,null,null,null,زیارتی,هوایی، زمینی، ریلی,null,null,null,null,بدون ویزا,زیارتی، تفریحی
تور,null,null,null,null,null,null,null,null,null,null,null,هوایی، زمینی، ریلی,null,null,null,null,null,تفریحی
تور قشم از مشهد,آسیا,ایران,جنوب کشور,قشم,مشهد,تک مقصد,null,null,null,null,null,هوایی، زمینی، ریلی,null,null,null,null,بدون ویزا,طبیعت‌گردی، خرید، تفریحی
تور روسیه,اوراسیا,روسیه,اروپای مرکزی و شرقی,null,null,تک مقصد,null,null,null,null,null,هوایی,null,null,null,null,نیازمند ویزا,تاریخی-فرهنگی، تفریحی
تور تبریز از مشهد,آسیا,ایران,شمال کشور,تبریز,مشهد,تک مقصد,null,null,null,null,null,هوایی، زمینی، ریلی,null,null,null,null,بدون ویزا,تاریخی-فرهنگی، تفریحی
تور گوا,آسیا,هند,جنوب آسیا,گوا,null,تک مقصد,null,null,null,null,null,هوایی,null,null,null,null,نیازمند ویزا,استراحت و ریلکسیشن، تفریحی
تور شیراز با قطار,آسیا,ایران,جنوب کشور,شیراز,null,تک مقصد,null,null,null,null,null,ریلی,null,null,null,null,بدون ویزا,تاریخی-فرهنگی، تفریحی
تور اصفهان,آسیا,ایران,غرب کشور,اصفهان,null,تک مقصد,null,null,null,null,null,هوایی، زمینی، ریلی,null,null,null,null,بدون ویزا,تاریخی-فرهنگی، تفریحی
تورهای لوکس شیراز,آسیا,ایران,جنوب کشور,شیراز,null,تک مقصد,null,null,null,null,null,هوایی، زمینی، ریلی,null,null,لوکس,null,بدون ویزا,تاریخی-فرهنگی، تفریحی
تور کیش,آسیا,ایران,جنوب کشور,کیش,null,تک مقصد,null,null,null,null,null,هوایی,null,null,null,null,بدون ویزا,تفریحی، استراحت و ریلکسیشن، خرید
تور شیراز بهار 1405,آسیا,ایران,جنوب کشور,شیراز,null,تک مقصد,بهار,null,null,null,null,هوایی، زمینی، ریلی,null,null,null,null,بدون ویزا,تاریخی-فرهنگی، تفریحی
تور قشم با قطار,آسیا,ایران,جنوب کشور,قشم,null,تک مقصد,null,null,null,null,null,ریلی,null,null,null,null,بدون ویزا,طبیعت‌گردی، خرید، تفریحی
تور لحظه آخری کیش,آسیا,ایران,جنوب کشور,کیش,null,تک مقصد,null,null,null,null,null,هوایی,null,null,لحظه آخری,null,بدون ویزا,تفریحی، استراحت و ریلکسیشن، خرید
تور ارزان کیش,آسیا,ایران,جنوب کشور,کیش,null,تک مقصد,null,null,null,null,null,هوایی,null,null,ارزان,null,بدون ویزا,تفریحی، استراحت و ریلکسیشن، خرید
تور قشم از شیراز,آسیا,ایران,جنوب کشور,قشم,شیراز,تک مقصد,null,null,null,null,null,هوایی، زمینی، ریلی,null,null,null,null,بدون ویزا,طبیعت‌گردی، خرید، تفریحی
تور مشهد قطار بن ریل,آسیا,ایران,شرق کشور,مشهد,null,تک مقصد,null,null,null,null,زیارتی,ریلی,null,null,null,null,بدون ویزا,زیارتی، تفریحی
تورهای هوایی مشهد,آسیا,ایران,شرق کشور,مشهد,null,تک مقصد,null,null,null,null,زیارتی,هوایی,null,null,null,null,بدون ویزا,زیارتی، تفریحی
تور مشهد از کرج,آسیا,ایران,شرق کشور,مشهد,کرج,تک مقصد,null,null,null,null,زیارتی,هوایی، زمینی، ریلی,null,null,null,null,بدون ویزا,زیارتی، تفریحی
تور لحظه آخری مشهد,آسیا,ایران,شرق کشور,مشهد,null,تک مقصد,null,null,null,null,زیارتی,هوایی، زمینی، ریلی,null,null,لحظه آخری,null,بدون ویزا,زیارتی، تفریحی
تور مالزی,آسیا,مالزی,جنوب شرق آسیا,null,null,تک مقصد,null,null,null,null,null,هوایی,null,null,null,null,بدون ویزا,طبیعت‌گردی، تفریحی
تور مشهد از اهواز,آسیا,ایران,شرق کشور,مشهد,اهواز,تک مقصد,null,null,null,null,زیارتی,هوایی، زمینی، ریلی,null,null,null,null,بدون ویزا,زیارتی، تفریحی
تور مشهد با قطار نور,آسیا,ایران,شرق کشور,مشهد,null,تک مقصد,null,null,null,null,زیارتی,ریلی,null,null,null,null,بدون ویزا,زیارتی، تفریحی
تور خارجی,null,null,null,null,null,null,null,null,null,null,null,هوایی، زمینی,null,null,null,null,null,تفریحی